user_id,url,timestamp
101,https://media.example.com/v/54,2026-04-08 10:38:35
114,https://media.example.com/v/233,2026-04-08 10:36:20
101,https://media.example.com/v/596,2026-04-08 10:39:43
101,https://media.example.com/v/573,2026-04-08 10:36:31
39,https://media.example.com/v/580,2026-04-08 10:39:18
118,https://media.example.com/v/536,2026-04-08 10:38:13
80,https://media.example.com/v/546,2026-04-08 10:38:25
109,https://media.example.com/v/66,2026-04-08 10:39:15
99,https://media.example.com/v/71,2026-04-08 10:36:59
18,https://media.example.com/v/348,2026-04-08 10:40:09
2,https://media.example.com/v/400,2026-04-08 10:37:07
90,https://media.example.com/v/237,2026-04-08 10:40:18
52,https://media.example.com/v/548,2026-04-08 10:40:30
71,https://media.example.com/v/73,2026-04-08 10:40:49
86,https://media.example.com/v/134,2026-04-08 10:37:23
44,https://media.example.com/v/184,2026-04-08 10:37:07
32,https://media.example.com/v/317,2026-04-08 10:36:06
71,https://media.example.com/v/372,2026-04-08 10:39:50
108,https://media.example.com/v/19,2026-04-08 10:35:50
110,https://media.example.com/v/301,2026-04-08 10:40:56
74,https://media.example.com/v/146,2026-04-08 10:38:22
29,https://media.example.com/v/513,2026-04-08 10:36:44
116,https://media.example.com/v/489,2026-04-08 10:40:08
150,https://media.example.com/v/278,2026-04-08 10:37:00
48,https://media.example.com/v/378,2026-04-08 10:38:50
15,https://media.example.com/v/187,2026-04-08 10:39:14
86,https://media.example.com/v/417,2026-04-08 10:40:23
26,https://media.example.com/v/84,2026-04-08 10:37:56
96,https://media.example.com/v/422,2026-04-08 10:41:42
141,https://media.example.com/v/595,2026-04-08 10:40:54
40,https://media.example.com/v/343,2026-04-08 10:36:19
124,https://media.example.com/v/520,2026-04-08 10:40:53
142,https://media.example.com/v/459,2026-04-08 10:38:19
88,https://media.example.com/v/130,2026-04-08 10:41:34
111,https://media.example.com/v/369,2026-04-08 10:40:24
18,https://media.example.com/v/78,2026-04-08 10:36:35
84,https://media.example.com/v/238,2026-04-08 10:38:40
92,https://media.example.com/v/419,2026-04-08 10:38:33
31,https://media.example.com/v/473,2026-04-08 10:37:41
52,https://media.example.com/v/195,2026-04-08 10:39:07
114,https://media.example.com/v/552,2026-04-08 10:39:08
149,https://media.example.com/v/475,2026-04-08 10:41:44
123,https://media.example.com/v/588,2026-04-08 10:40:48
48,https://media.example.com/v/433,2026-04-08 10:36:49
42,https://media.example.com/v/498,2026-04-08 10:37:33
116,https://media.example.com/v/285,2026-04-08 10:36:16
46,https://media.example.com/v/161,2026-04-08 10:36:41
30,https://media.example.com/v/454,2026-04-08 10:40:11
43,https://media.example.com/v/591,2026-04-08 10:41:35
2,https://media.example.com/v/90,2026-04-08 10:37:51
79,https://media.example.com/v/101,2026-04-08 10:39:52
123,https://media.example.com/v/421,2026-04-08 10:36:08
92,https://media.example.com/v/461,2026-04-08 10:39:55
32,https://media.example.com/v/458,2026-04-08 10:40:27
104,https://media.example.com/v/444,2026-04-08 10:38:44
110,https://media.example.com/v/203,2026-04-08 10:38:17
71,https://media.example.com/v/59,2026-04-08 10:36:26
137,https://media.example.com/v/452,2026-04-08 10:36:34
90,https://media.example.com/v/410,2026-04-08 10:41:21
24,https://media.example.com/v/500,2026-04-08 10:36:52
144,https://media.example.com/v/248,2026-04-08 10:39:58
21,https://media.example.com/v/357,2026-04-08 10:38:10
75,https://media.example.com/v/222,2026-04-08 10:37:02
5,https://media.example.com/v/471,2026-04-08 10:41:12
74,https://media.example.com/v/65,2026-04-08 10:36:31
148,https://media.example.com/v/414,2026-04-08 10:40:20
18,https://media.example.com/v/355,2026-04-08 10:37:36
57,https://media.example.com/v/243,2026-04-08 10:37:53
81,https://media.example.com/v/550,2026-04-08 10:37:50
150,https://media.example.com/v/535,2026-04-08 10:38:07
72,https://media.example.com/v/134,2026-04-08 10:39:04
31,https://media.example.com/v/439,2026-04-08 10:36:32
26,https://media.example.com/v/315,2026-04-08 10:38:36
29,https://media.example.com/v/331,2026-04-08 10:38:27
3,https://media.example.com/v/407,2026-04-08 10:38:23
61,https://media.example.com/v/471,2026-04-08 10:36:08
141,https://media.example.com/v/309,2026-04-08 10:39:49
78,https://media.example.com/v/220,2026-04-08 10:36:19
54,https://media.example.com/v/389,2026-04-08 10:40:38
84,https://media.example.com/v/17,2026-04-08 10:37:32
76,https://media.example.com/v/349,2026-04-08 10:38:06
94,https://media.example.com/v/63,2026-04-08 10:38:34
99,https://media.example.com/v/271,2026-04-08 10:39:06
91,https://media.example.com/v/364,2026-04-08 10:36:28
83,https://media.example.com/v/197,2026-04-08 10:36:14
99,https://media.example.com/v/250,2026-04-08 10:37:55
23,https://media.example.com/v/339,2026-04-08 10:39:04
44,https://media.example.com/v/225,2026-04-08 10:38:56
51,https://media.example.com/v/583,2026-04-08 10:39:34
1,https://media.example.com/v/38,2026-04-08 10:40:02
101,https://media.example.com/v/73,2026-04-08 10:39:23
104,https://media.example.com/v/151,2026-04-08 10:36:13
135,https://media.example.com/v/82,2026-04-08 10:37:23
146,https://media.example.com/v/363,2026-04-08 10:36:36
55,https://media.example.com/v/200,2026-04-08 10:40:39
32,https://media.example.com/v/380,2026-04-08 10:41:31
103,https://media.example.com/v/369,2026-04-08 10:39:58
99,https://media.example.com/v/48,2026-04-08 10:40:28
76,https://media.example.com/v/418,2026-04-08 10:41:14
74,https://media.example.com/v/73,2026-04-08 10:39:09
125,https://media.example.com/v/459,2026-04-08 10:40:15
146,https://media.example.com/v/479,2026-04-08 10:41:37
95,https://media.example.com/v/71,2026-04-08 10:38:28
29,https://media.example.com/v/504,2026-04-08 10:37:04
28,https://media.example.com/v/588,2026-04-08 10:36:37
146,https://media.example.com/v/216,2026-04-08 10:38:33
106,https://media.example.com/v/14,2026-04-08 10:41:42
57,https://media.example.com/v/266,2026-04-08 10:41:41
55,https://media.example.com/v/523,2026-04-08 10:36:50
132,https://media.example.com/v/230,2026-04-08 10:36:26
67,https://media.example.com/v/102,2026-04-08 10:39:34
104,https://media.example.com/v/383,2026-04-08 10:37:47
134,https://media.example.com/v/414,2026-04-08 10:36:35
45,https://media.example.com/v/285,2026-04-08 10:37:38
146,https://media.example.com/v/108,2026-04-08 10:39:00
89,https://media.example.com/v/387,2026-04-08 10:38:29
131,https://media.example.com/v/77,2026-04-08 10:40:46
75,https://media.example.com/v/68,2026-04-08 10:40:08
110,https://media.example.com/v/57,2026-04-08 10:36:14
41,https://media.example.com/v/224,2026-04-08 10:39:33
61,https://media.example.com/v/404,2026-04-08 10:36:06
38,https://media.example.com/v/2,2026-04-08 10:38:33
2,https://media.example.com/v/454,2026-04-08 10:36:33
89,https://media.example.com/v/245,2026-04-08 10:38:46
117,https://media.example.com/v/523,2026-04-08 10:36:43
30,https://media.example.com/v/544,2026-04-08 10:39:59
106,https://media.example.com/v/149,2026-04-08 10:39:41
59,https://media.example.com/v/320,2026-04-08 10:37:24
90,https://media.example.com/v/583,2026-04-08 10:41:19
146,https://media.example.com/v/517,2026-04-08 10:40:58
109,https://media.example.com/v/302,2026-04-08 10:39:42
33,https://media.example.com/v/118,2026-04-08 10:39:09
80,https://media.example.com/v/569,2026-04-08 10:36:40
20,https://media.example.com/v/552,2026-04-08 10:39:35
139,https://media.example.com/v/206,2026-04-08 10:40:47
35,https://media.example.com/v/583,2026-04-08 10:38:01
50,https://media.example.com/v/316,2026-04-08 10:39:38
137,https://media.example.com/v/173,2026-04-08 10:37:11
76,https://media.example.com/v/142,2026-04-08 10:41:03
94,https://media.example.com/v/437,2026-04-08 10:39:46
62,https://media.example.com/v/162,2026-04-08 10:38:15
37,https://media.example.com/v/110,2026-04-08 10:37:34
84,https://media.example.com/v/248,2026-04-08 10:38:41
32,https://media.example.com/v/418,2026-04-08 10:41:11
109,https://media.example.com/v/165,2026-04-08 10:40:27
143,https://media.example.com/v/131,2026-04-08 10:40:31
47,https://media.example.com/v/592,2026-04-08 10:41:42
115,https://media.example.com/v/124,2026-04-08 10:40:53
10,https://media.example.com/v/65,2026-04-08 10:38:10
4,https://media.example.com/v/165,2026-04-08 10:36:44
121,https://media.example.com/v/591,2026-04-08 10:37:16
123,https://media.example.com/v/277,2026-04-08 10:36:00
69,https://media.example.com/v/481,2026-04-08 10:40:20
19,https://media.example.com/v/525,2026-04-08 10:40:50
20,https://media.example.com/v/249,2026-04-08 10:41:30
27,https://media.example.com/v/592,2026-04-08 10:39:20
14,https://media.example.com/v/475,2026-04-08 10:38:38
88,https://media.example.com/v/208,2026-04-08 10:39:39
33,https://media.example.com/v/64,2026-04-08 10:38:35
54,https://media.example.com/v/377,2026-04-08 10:39:01
136,https://media.example.com/v/448,2026-04-08 10:35:54
40,https://media.example.com/v/376,2026-04-08 10:37:23
65,https://media.example.com/v/32,2026-04-08 10:40:21
81,https://media.example.com/v/481,2026-04-08 10:37:35
43,https://media.example.com/v/53,2026-04-08 10:36:06
143,https://media.example.com/v/270,2026-04-08 10:39:49
51,https://media.example.com/v/17,2026-04-08 10:36:13
119,https://media.example.com/v/571,2026-04-08 10:41:18
9,https://media.example.com/v/383,2026-04-08 10:37:26
113,https://media.example.com/v/180,2026-04-08 10:39:34
20,https://media.example.com/v/553,2026-04-08 10:37:39
121,https://media.example.com/v/228,2026-04-08 10:40:52
113,https://media.example.com/v/310,2026-04-08 10:40:14
28,https://media.example.com/v/206,2026-04-08 10:41:13
23,https://media.example.com/v/470,2026-04-08 10:35:56
92,https://media.example.com/v/359,2026-04-08 10:41:04
52,https://media.example.com/v/114,2026-04-08 10:40:21
145,https://media.example.com/v/541,2026-04-08 10:39:07
128,https://media.example.com/v/169,2026-04-08 10:39:38
90,https://media.example.com/v/486,2026-04-08 10:38:27
6,https://media.example.com/v/392,2026-04-08 10:38:22
14,https://media.example.com/v/172,2026-04-08 10:40:43
9,https://media.example.com/v/471,2026-04-08 10:39:53
60,https://media.example.com/v/552,2026-04-08 10:39:44
32,https://media.example.com/v/313,2026-04-08 10:37:13
49,https://media.example.com/v/449,2026-04-08 10:38:30
106,https://media.example.com/v/418,2026-04-08 10:38:00
141,https://media.example.com/v/29,2026-04-08 10:35:47
84,https://media.example.com/v/439,2026-04-08 10:38:13
149,https://media.example.com/v/65,2026-04-08 10:39:48
137,https://media.example.com/v/221,2026-04-08 10:41:37
77,https://media.example.com/v/97,2026-04-08 10:36:36
65,https://media.example.com/v/258,2026-04-08 10:41:00
142,https://media.example.com/v/504,2026-04-08 10:41:18
88,https://media.example.com/v/74,2026-04-08 10:39:34
125,https://media.example.com/v/240,2026-04-08 10:38:53
114,https://media.example.com/v/427,2026-04-08 10:40:37
104,https://media.example.com/v/438,2026-04-08 10:39:10
65,https://media.example.com/v/213,2026-04-08 10:36:49
131,https://media.example.com/v/366,2026-04-08 10:37:27
30,https://media.example.com/v/138,2026-04-08 10:36:23
13,https://media.example.com/v/160,2026-04-08 10:39:33
44,https://media.example.com/v/246,2026-04-08 10:35:51
82,https://media.example.com/v/136,2026-04-08 10:37:18
90,https://media.example.com/v/387,2026-04-08 10:37:40
16,https://media.example.com/v/481,2026-04-08 10:36:54
124,https://media.example.com/v/5,2026-04-08 10:38:11
70,https://media.example.com/v/542,2026-04-08 10:38:11
3,https://media.example.com/v/77,2026-04-08 10:37:10
119,https://media.example.com/v/525,2026-04-08 10:39:55
83,https://media.example.com/v/73,2026-04-08 10:37:18
63,https://media.example.com/v/59,2026-04-08 10:38:49
109,https://media.example.com/v/535,2026-04-08 10:40:11
50,https://media.example.com/v/161,2026-04-08 10:40:35
42,https://media.example.com/v/332,2026-04-08 10:38:46
82,https://media.example.com/v/493,2026-04-08 10:38:25
147,https://media.example.com/v/450,2026-04-08 10:37:02
39,https://media.example.com/v/34,2026-04-08 10:37:18
54,https://media.example.com/v/23,2026-04-08 10:41:00
77,https://media.example.com/v/430,2026-04-08 10:36:56
117,https://media.example.com/v/59,2026-04-08 10:41:46
85,https://media.example.com/v/274,2026-04-08 10:37:11
107,https://media.example.com/v/251,2026-04-08 10:37:25
72,https://media.example.com/v/567,2026-04-08 10:41:30
45,https://media.example.com/v/499,2026-04-08 10:37:09
137,https://media.example.com/v/576,2026-04-08 10:37:57
6,https://media.example.com/v/12,2026-04-08 10:39:46
121,https://media.example.com/v/358,2026-04-08 10:37:40
111,https://media.example.com/v/564,2026-04-08 10:37:08
55,https://media.example.com/v/17,2026-04-08 10:36:40
145,https://media.example.com/v/344,2026-04-08 10:37:23
38,https://media.example.com/v/135,2026-04-08 10:36:25
85,https://media.example.com/v/128,2026-04-08 10:40:19
120,https://media.example.com/v/562,2026-04-08 10:38:01
42,https://media.example.com/v/64,2026-04-08 10:37:26
19,https://media.example.com/v/469,2026-04-08 10:40:25
32,https://media.example.com/v/114,2026-04-08 10:35:50
69,https://media.example.com/v/561,2026-04-08 10:39:11
149,https://media.example.com/v/219,2026-04-08 10:36:49
45,https://media.example.com/v/129,2026-04-08 10:39:42
92,https://media.example.com/v/550,2026-04-08 10:37:06
142,https://media.example.com/v/56,2026-04-08 10:36:30
71,https://media.example.com/v/518,2026-04-08 10:38:18
103,https://media.example.com/v/107,2026-04-08 10:36:53
57,https://media.example.com/v/90,2026-04-08 10:36:57
144,https://media.example.com/v/262,2026-04-08 10:36:38
21,https://media.example.com/v/503,2026-04-08 10:37:41
117,https://media.example.com/v/390,2026-04-08 10:37:10
55,https://media.example.com/v/61,2026-04-08 10:36:42
40,https://media.example.com/v/32,2026-04-08 10:39:08
137,https://media.example.com/v/299,2026-04-08 10:38:47
136,https://media.example.com/v/95,2026-04-08 10:35:48
75,https://media.example.com/v/418,2026-04-08 10:40:03
146,https://media.example.com/v/203,2026-04-08 10:37:09
141,https://media.example.com/v/397,2026-04-08 10:40:31
148,https://media.example.com/v/599,2026-04-08 10:38:32
16,https://media.example.com/v/53,2026-04-08 10:41:26
140,https://media.example.com/v/513,2026-04-08 10:40:21
137,https://media.example.com/v/109,2026-04-08 10:36:27
64,https://media.example.com/v/457,2026-04-08 10:37:30
76,https://media.example.com/v/361,2026-04-08 10:36:25
11,https://media.example.com/v/49,2026-04-08 10:38:02
55,https://media.example.com/v/393,2026-04-08 10:41:42
108,https://media.example.com/v/477,2026-04-08 10:39:16
62,https://media.example.com/v/389,2026-04-08 10:40:24
22,https://media.example.com/v/342,2026-04-08 10:35:57
65,https://media.example.com/v/128,2026-04-08 10:40:19
62,https://media.example.com/v/201,2026-04-08 10:41:02
42,https://media.example.com/v/552,2026-04-08 10:40:58
29,https://media.example.com/v/14,2026-04-08 10:41:40
40,https://media.example.com/v/395,2026-04-08 10:37:10
58,https://media.example.com/v/20,2026-04-08 10:37:31
104,https://media.example.com/v/305,2026-04-08 10:38:41
31,https://media.example.com/v/525,2026-04-08 10:36:33
146,https://media.example.com/v/292,2026-04-08 10:39:42
23,https://media.example.com/v/17,2026-04-08 10:41:39
78,https://media.example.com/v/400,2026-04-08 10:37:13
3,https://media.example.com/v/262,2026-04-08 10:35:50
99,https://media.example.com/v/596,2026-04-08 10:38:44
134,https://media.example.com/v/111,2026-04-08 10:38:20
22,https://media.example.com/v/78,2026-04-08 10:36:17
68,https://media.example.com/v/514,2026-04-08 10:38:09
43,https://media.example.com/v/7,2026-04-08 10:38:05
33,https://media.example.com/v/57,2026-04-08 10:36:44
70,https://media.example.com/v/378,2026-04-08 10:40:43
140,https://media.example.com/v/116,2026-04-08 10:38:20
92,https://media.example.com/v/591,2026-04-08 10:39:57
100,https://media.example.com/v/445,2026-04-08 10:37:47
138,https://media.example.com/v/571,2026-04-08 10:36:30
27,https://media.example.com/v/596,2026-04-08 10:36:47
54,https://media.example.com/v/27,2026-04-08 10:40:53
79,https://media.example.com/v/515,2026-04-08 10:36:32
148,https://media.example.com/v/574,2026-04-08 10:39:45
54,https://media.example.com/v/30,2026-04-08 10:38:01
73,https://media.example.com/v/12,2026-04-08 10:37:27
7,https://media.example.com/v/584,2026-04-08 10:39:02
12,https://media.example.com/v/547,2026-04-08 10:36:56
147,https://media.example.com/v/589,2026-04-08 10:41:31
148,https://media.example.com/v/301,2026-04-08 10:40:19
81,https://media.example.com/v/557,2026-04-08 10:39:20
33,https://media.example.com/v/86,2026-04-08 10:36:37
97,https://media.example.com/v/294,2026-04-08 10:38:06
139,https://media.example.com/v/451,2026-04-08 10:39:40
131,https://media.example.com/v/266,2026-04-08 10:36:07
25,https://media.example.com/v/244,2026-04-08 10:37:44
134,https://media.example.com/v/308,2026-04-08 10:38:10
4,https://media.example.com/v/31,2026-04-08 10:37:55
150,https://media.example.com/v/536,2026-04-08 10:41:32
41,https://media.example.com/v/431,2026-04-08 10:39:58
142,https://media.example.com/v/374,2026-04-08 10:36:02
38,https://media.example.com/v/200,2026-04-08 10:40:56
126,https://media.example.com/v/384,2026-04-08 10:41:21
24,https://media.example.com/v/134,2026-04-08 10:37:40
76,https://media.example.com/v/217,2026-04-08 10:40:31
87,https://media.example.com/v/191,2026-04-08 10:36:58
49,https://media.example.com/v/570,2026-04-08 10:37:40
104,https://media.example.com/v/415,2026-04-08 10:41:23
87,https://media.example.com/v/22,2026-04-08 10:37:50
101,https://media.example.com/v/270,2026-04-08 10:40:21
46,https://media.example.com/v/59,2026-04-08 10:40:17
61,https://media.example.com/v/90,2026-04-08 10:37:41
25,https://media.example.com/v/445,2026-04-08 10:40:57
2,https://media.example.com/v/88,2026-04-08 10:39:46
45,https://media.example.com/v/442,2026-04-08 10:38:39
120,https://media.example.com/v/152,2026-04-08 10:38:45
104,https://media.example.com/v/356,2026-04-08 10:41:13
1,https://media.example.com/v/325,2026-04-08 10:38:46
107,https://media.example.com/v/444,2026-04-08 10:36:18
130,https://media.example.com/v/343,2026-04-08 10:39:59
37,https://media.example.com/v/528,2026-04-08 10:38:36
99,https://media.example.com/v/247,2026-04-08 10:40:07
41,https://media.example.com/v/398,2026-04-08 10:36:13
130,https://media.example.com/v/329,2026-04-08 10:40:12
139,https://media.example.com/v/53,2026-04-08 10:40:20
98,https://media.example.com/v/40,2026-04-08 10:39:54
150,https://media.example.com/v/100,2026-04-08 10:37:59
108,https://media.example.com/v/345,2026-04-08 10:38:44
127,https://media.example.com/v/46,2026-04-08 10:40:09
42,https://media.example.com/v/299,2026-04-08 10:38:34
144,https://media.example.com/v/218,2026-04-08 10:41:45
37,https://media.example.com/v/418,2026-04-08 10:36:09
38,https://media.example.com/v/166,2026-04-08 10:41:29
116,https://media.example.com/v/256,2026-04-08 10:38:11
18,https://media.example.com/v/211,2026-04-08 10:37:03
73,https://media.example.com/v/121,2026-04-08 10:39:25
92,https://media.example.com/v/225,2026-04-08 10:40:21
45,https://media.example.com/v/475,2026-04-08 10:36:23
90,https://media.example.com/v/82,2026-04-08 10:41:19
83,https://media.example.com/v/399,2026-04-08 10:41:40
144,https://media.example.com/v/150,2026-04-08 10:37:38
97,https://media.example.com/v/347,2026-04-08 10:37:20
52,https://media.example.com/v/422,2026-04-08 10:37:27
92,https://media.example.com/v/32,2026-04-08 10:40:50
16,https://media.example.com/v/292,2026-04-08 10:36:41
5,https://media.example.com/v/389,2026-04-08 10:37:07
30,https://media.example.com/v/294,2026-04-08 10:39:37
31,https://media.example.com/v/240,2026-04-08 10:38:19
141,https://media.example.com/v/586,2026-04-08 10:38:59
77,https://media.example.com/v/139,2026-04-08 10:35:57
67,https://media.example.com/v/103,2026-04-08 10:36:08
87,https://media.example.com/v/490,2026-04-08 10:37:55
81,https://media.example.com/v/14,2026-04-08 10:39:15
94,https://media.example.com/v/126,2026-04-08 10:35:56
137,https://media.example.com/v/425,2026-04-08 10:37:34
1,https://media.example.com/v/261,2026-04-08 10:40:00
114,https://media.example.com/v/363,2026-04-08 10:39:04
145,https://media.example.com/v/82,2026-04-08 10:41:22
54,https://media.example.com/v/223,2026-04-08 10:36:15
91,https://media.example.com/v/463,2026-04-08 10:39:43
30,https://media.example.com/v/68,2026-04-08 10:38:11
54,https://media.example.com/v/427,2026-04-08 10:40:50
131,https://media.example.com/v/351,2026-04-08 10:37:16
12,https://media.example.com/v/461,2026-04-08 10:36:33
87,https://media.example.com/v/210,2026-04-08 10:41:13
50,https://media.example.com/v/163,2026-04-08 10:36:27
45,https://media.example.com/v/278,2026-04-08 10:37:21
9,https://media.example.com/v/522,2026-04-08 10:40:33
52,https://media.example.com/v/257,2026-04-08 10:39:19
115,https://media.example.com/v/447,2026-04-08 10:37:54
67,https://media.example.com/v/422,2026-04-08 10:38:24
136,https://media.example.com/v/480,2026-04-08 10:40:09
91,https://media.example.com/v/272,2026-04-08 10:40:56
122,https://media.example.com/v/439,2026-04-08 10:38:17
4,https://media.example.com/v/65,2026-04-08 10:40:18
74,https://media.example.com/v/407,2026-04-08 10:36:36
46,https://media.example.com/v/123,2026-04-08 10:38:49
106,https://media.example.com/v/337,2026-04-08 10:41:09
57,https://media.example.com/v/115,2026-04-08 10:38:31
89,https://media.example.com/v/32,2026-04-08 10:40:31
90,https://media.example.com/v/157,2026-04-08 10:41:19
9,https://media.example.com/v/110,2026-04-08 10:40:55
70,https://media.example.com/v/585,2026-04-08 10:39:55
132,https://media.example.com/v/479,2026-04-08 10:41:12
8,https://media.example.com/v/202,2026-04-08 10:37:59
2,https://media.example.com/v/60,2026-04-08 10:38:04
89,https://media.example.com/v/156,2026-04-08 10:37:58
148,https://media.example.com/v/445,2026-04-08 10:39:07
94,https://media.example.com/v/590,2026-04-08 10:35:53
76,https://media.example.com/v/176,2026-04-08 10:38:58
108,https://media.example.com/v/377,2026-04-08 10:40:19
90,https://media.example.com/v/39,2026-04-08 10:40:22
120,https://media.example.com/v/266,2026-04-08 10:38:54
84,https://media.example.com/v/24,2026-04-08 10:37:35
93,https://media.example.com/v/249,2026-04-08 10:38:42
92,https://media.example.com/v/271,2026-04-08 10:40:47
6,https://media.example.com/v/237,2026-04-08 10:36:29
7,https://media.example.com/v/7,2026-04-08 10:37:48
13,https://media.example.com/v/583,2026-04-08 10:39:04
137,https://media.example.com/v/278,2026-04-08 10:36:53
93,https://media.example.com/v/107,2026-04-08 10:38:08
15,https://media.example.com/v/219,2026-04-08 10:38:40
20,https://media.example.com/v/452,2026-04-08 10:41:04
146,https://media.example.com/v/180,2026-04-08 10:37:24
146,https://media.example.com/v/277,2026-04-08 10:40:40
13,https://media.example.com/v/346,2026-04-08 10:38:50
133,https://media.example.com/v/150,2026-04-08 10:40:21
32,https://media.example.com/v/426,2026-04-08 10:40:09
134,https://media.example.com/v/25,2026-04-08 10:36:34
107,https://media.example.com/v/531,2026-04-08 10:41:39
124,https://media.example.com/v/137,2026-04-08 10:38:31
46,https://media.example.com/v/241,2026-04-08 10:40:07
125,https://media.example.com/v/502,2026-04-08 10:36:19
105,https://media.example.com/v/117,2026-04-08 10:39:43
112,https://media.example.com/v/448,2026-04-08 10:39:58
107,https://media.example.com/v/63,2026-04-08 10:41:33
123,https://media.example.com/v/471,2026-04-08 10:38:24
46,https://media.example.com/v/438,2026-04-08 10:39:09
88,https://media.example.com/v/518,2026-04-08 10:37:56
84,https://media.example.com/v/137,2026-04-08 10:37:01
108,https://media.example.com/v/284,2026-04-08 10:41:35
105,https://media.example.com/v/597,2026-04-08 10:39:04
138,https://media.example.com/v/554,2026-04-08 10:39:20
70,https://media.example.com/v/72,2026-04-08 10:39:49
76,https://media.example.com/v/520,2026-04-08 10:36:21
82,https://media.example.com/v/181,2026-04-08 10:39:51
107,https://media.example.com/v/255,2026-04-08 10:36:55
3,https://media.example.com/v/486,2026-04-08 10:37:24
63,https://media.example.com/v/152,2026-04-08 10:37:57
117,https://media.example.com/v/248,2026-04-08 10:39:14
128,https://media.example.com/v/587,2026-04-08 10:37:44
10,https://media.example.com/v/172,2026-04-08 10:38:33
51,https://media.example.com/v/81,2026-04-08 10:38:18
28,https://media.example.com/v/590,2026-04-08 10:40:52
71,https://media.example.com/v/448,2026-04-08 10:36:27
47,https://media.example.com/v/396,2026-04-08 10:40:03
20,https://media.example.com/v/307,2026-04-08 10:36:42
67,https://media.example.com/v/498,2026-04-08 10:36:03
47,https://media.example.com/v/225,2026-04-08 10:40:01
4,https://media.example.com/v/177,2026-04-08 10:39:32
128,https://media.example.com/v/119,2026-04-08 10:36:47
80,https://media.example.com/v/135,2026-04-08 10:37:30
75,https://media.example.com/v/516,2026-04-08 10:39:12
95,https://media.example.com/v/301,2026-04-08 10:36:04
96,https://media.example.com/v/595,2026-04-08 10:38:56
43,https://media.example.com/v/411,2026-04-08 10:39:20
32,https://media.example.com/v/251,2026-04-08 10:40:03
85,https://media.example.com/v/43,2026-04-08 10:41:13
11,https://media.example.com/v/312,2026-04-08 10:40:22
86,https://media.example.com/v/180,2026-04-08 10:36:48
65,https://media.example.com/v/356,2026-04-08 10:41:18
16,https://media.example.com/v/258,2026-04-08 10:35:52
1,https://media.example.com/v/272,2026-04-08 10:40:05
39,https://media.example.com/v/109,2026-04-08 10:37:28
16,https://media.example.com/v/119,2026-04-08 10:37:48
128,https://media.example.com/v/265,2026-04-08 10:38:19
52,https://media.example.com/v/375,2026-04-08 10:36:09
61,https://media.example.com/v/115,2026-04-08 10:37:42
53,https://media.example.com/v/111,2026-04-08 10:40:52
109,https://media.example.com/v/553,2026-04-08 10:38:19
38,https://media.example.com/v/137,2026-04-08 10:38:46
69,https://media.example.com/v/209,2026-04-08 10:37:18
119,https://media.example.com/v/511,2026-04-08 10:39:15
26,https://media.example.com/v/2,2026-04-08 10:37:42
77,https://media.example.com/v/311,2026-04-08 10:40:24
106,https://media.example.com/v/204,2026-04-08 10:40:37
4,https://media.example.com/v/152,2026-04-08 10:41:02
26,https://media.example.com/v/376,2026-04-08 10:41:41
54,https://media.example.com/v/92,2026-04-08 10:38:28
27,https://media.example.com/v/566,2026-04-08 10:35:51
76,https://media.example.com/v/467,2026-04-08 10:38:02
94,https://media.example.com/v/298,2026-04-08 10:40:53
88,https://media.example.com/v/340,2026-04-08 10:38:45
93,https://media.example.com/v/300,2026-04-08 10:35:55
10,https://media.example.com/v/54,2026-04-08 10:38:29
97,https://media.example.com/v/197,2026-04-08 10:39:33
38,https://media.example.com/v/223,2026-04-08 10:41:08
72,https://media.example.com/v/133,2026-04-08 10:36:02
98,https://media.example.com/v/527,2026-04-08 10:38:05
52,https://media.example.com/v/591,2026-04-08 10:37:20
6,https://media.example.com/v/432,2026-04-08 10:38:27
54,https://media.example.com/v/194,2026-04-08 10:38:21
26,https://media.example.com/v/561,2026-04-08 10:41:11
134,https://media.example.com/v/377,2026-04-08 10:36:48
137,https://media.example.com/v/598,2026-04-08 10:38:19
80,https://media.example.com/v/220,2026-04-08 10:41:27
14,https://media.example.com/v/364,2026-04-08 10:39:56
102,https://media.example.com/v/132,2026-04-08 10:37:57
66,https://media.example.com/v/449,2026-04-08 10:39:37
65,https://media.example.com/v/211,2026-04-08 10:38:19
82,https://media.example.com/v/361,2026-04-08 10:41:43
87,https://media.example.com/v/556,2026-04-08 10:38:43
115,https://media.example.com/v/572,2026-04-08 10:41:10
112,https://media.example.com/v/45,2026-04-08 10:38:49
80,https://media.example.com/v/519,2026-04-08 10:36:14
79,https://media.example.com/v/289,2026-04-08 10:37:16
19,https://media.example.com/v/387,2026-04-08 10:36:07
13,https://media.example.com/v/300,2026-04-08 10:41:19
142,https://media.example.com/v/379,2026-04-08 10:41:40
80,https://media.example.com/v/334,2026-04-08 10:41:40
7,https://media.example.com/v/381,2026-04-08 10:36:45
149,https://media.example.com/v/526,2026-04-08 10:38:33
54,https://media.example.com/v/41,2026-04-08 10:37:00
140,https://media.example.com/v/350,2026-04-08 10:41:30
78,https://media.example.com/v/18,2026-04-08 10:38:44
113,https://media.example.com/v/379,2026-04-08 10:41:29
80,https://media.example.com/v/560,2026-04-08 10:40:29
28,https://media.example.com/v/25,2026-04-08 10:39:12
108,https://media.example.com/v/444,2026-04-08 10:39:56
25,https://media.example.com/v/255,2026-04-08 10:36:32
37,https://media.example.com/v/195,2026-04-08 10:38:17
123,https://media.example.com/v/446,2026-04-08 10:41:28
128,https://media.example.com/v/198,2026-04-08 10:37:01
21,https://media.example.com/v/155,2026-04-08 10:38:19
113,https://media.example.com/v/567,2026-04-08 10:41:05
49,https://media.example.com/v/351,2026-04-08 10:37:43
121,https://media.example.com/v/281,2026-04-08 10:39:35
76,https://media.example.com/v/315,2026-04-08 10:41:15
16,https://media.example.com/v/143,2026-04-08 10:41:04
29,https://media.example.com/v/450,2026-04-08 10:38:32
80,https://media.example.com/v/420,2026-04-08 10:38:11
129,https://media.example.com/v/417,2026-04-08 10:41:44
133,https://media.example.com/v/228,2026-04-08 10:39:42
98,https://media.example.com/v/70,2026-04-08 10:40:27
12,https://media.example.com/v/490,2026-04-08 10:37:18
68,https://media.example.com/v/477,2026-04-08 10:38:14
73,https://media.example.com/v/564,2026-04-08 10:37:57
100,https://media.example.com/v/514,2026-04-08 10:36:58
3,https://media.example.com/v/389,2026-04-08 10:41:25
101,https://media.example.com/v/58,2026-04-08 10:37:11
28,https://media.example.com/v/558,2026-04-08 10:37:23
72,https://media.example.com/v/497,2026-04-08 10:36:06
23,https://media.example.com/v/546,2026-04-08 10:38:52
131,https://media.example.com/v/357,2026-04-08 10:35:59
127,https://media.example.com/v/113,2026-04-08 10:40:23
68,https://media.example.com/v/361,2026-04-08 10:39:31
73,https://media.example.com/v/374,2026-04-08 10:41:26
135,https://media.example.com/v/261,2026-04-08 10:38:25
55,https://media.example.com/v/485,2026-04-08 10:39:29
67,https://media.example.com/v/593,2026-04-08 10:40:28
27,https://media.example.com/v/252,2026-04-08 10:41:09
126,https://media.example.com/v/41,2026-04-08 10:40:48
132,https://media.example.com/v/472,2026-04-08 10:36:15
141,https://media.example.com/v/426,2026-04-08 10:36:36
58,https://media.example.com/v/5,2026-04-08 10:38:08
148,https://media.example.com/v/40,2026-04-08 10:36:53
43,https://media.example.com/v/285,2026-04-08 10:36:43
37,https://media.example.com/v/164,2026-04-08 10:41:17
102,https://media.example.com/v/370,2026-04-08 10:37:56
126,https://media.example.com/v/249,2026-04-08 10:36:20
37,https://media.example.com/v/266,2026-04-08 10:39:36
44,https://media.example.com/v/88,2026-04-08 10:39:18
10,https://media.example.com/v/81,2026-04-08 10:37:38
23,https://media.example.com/v/432,2026-04-08 10:40:15
87,https://media.example.com/v/338,2026-04-08 10:41:27
97,https://media.example.com/v/14,2026-04-08 10:40:16
85,https://media.example.com/v/555,2026-04-08 10:41:13
53,https://media.example.com/v/151,2026-04-08 10:38:59
75,https://media.example.com/v/139,2026-04-08 10:36:29
101,https://media.example.com/v/358,2026-04-08 10:35:52
40,https://media.example.com/v/577,2026-04-08 10:37:13
122,https://media.example.com/v/565,2026-04-08 10:38:10
26,https://media.example.com/v/135,2026-04-08 10:38:52
94,https://media.example.com/v/13,2026-04-08 10:35:54
16,https://media.example.com/v/332,2026-04-08 10:39:27
31,https://media.example.com/v/239,2026-04-08 10:40:52
107,https://media.example.com/v/464,2026-04-08 10:36:28
68,https://media.example.com/v/184,2026-04-08 10:36:07
78,https://media.example.com/v/326,2026-04-08 10:39:30
52,https://media.example.com/v/275,2026-04-08 10:39:50
118,https://media.example.com/v/44,2026-04-08 10:37:34
7,https://media.example.com/v/346,2026-04-08 10:37:17
136,https://media.example.com/v/128,2026-04-08 10:37:16
122,https://media.example.com/v/476,2026-04-08 10:38:40
147,https://media.example.com/v/516,2026-04-08 10:36:02
146,https://media.example.com/v/353,2026-04-08 10:41:43
141,https://media.example.com/v/361,2026-04-08 10:41:36
103,https://media.example.com/v/10,2026-04-08 10:35:46
31,https://media.example.com/v/348,2026-04-08 10:40:10
10,https://media.example.com/v/251,2026-04-08 10:36:09
74,https://media.example.com/v/122,2026-04-08 10:36:56
24,https://media.example.com/v/106,2026-04-08 10:36:32
103,https://media.example.com/v/334,2026-04-08 10:39:35
129,https://media.example.com/v/563,2026-04-08 10:38:01
142,https://media.example.com/v/473,2026-04-08 10:40:09
7,https://media.example.com/v/213,2026-04-08 10:39:23
61,https://media.example.com/v/141,2026-04-08 10:40:59
108,https://media.example.com/v/109,2026-04-08 10:39:56
99,https://media.example.com/v/437,2026-04-08 10:38:37
41,https://media.example.com/v/5,2026-04-08 10:36:38
81,https://media.example.com/v/327,2026-04-08 10:41:26
79,https://media.example.com/v/284,2026-04-08 10:36:03
40,https://media.example.com/v/327,2026-04-08 10:39:28
5,https://media.example.com/v/580,2026-04-08 10:41:42
10,https://media.example.com/v/379,2026-04-08 10:35:47
67,https://media.example.com/v/600,2026-04-08 10:40:12
79,https://media.example.com/v/60,2026-04-08 10:37:26
60,https://media.example.com/v/490,2026-04-08 10:38:29
69,https://media.example.com/v/113,2026-04-08 10:37:49
146,https://media.example.com/v/576,2026-04-08 10:37:40
82,https://media.example.com/v/170,2026-04-08 10:36:46
56,https://media.example.com/v/415,2026-04-08 10:37:05
137,https://media.example.com/v/31,2026-04-08 10:38:52
85,https://media.example.com/v/111,2026-04-08 10:36:06
47,https://media.example.com/v/340,2026-04-08 10:40:20
61,https://media.example.com/v/165,2026-04-08 10:35:59
98,https://media.example.com/v/38,2026-04-08 10:37:09
11,https://media.example.com/v/427,2026-04-08 10:36:34
78,https://media.example.com/v/372,2026-04-08 10:39:15
19,https://media.example.com/v/581,2026-04-08 10:41:01
3,https://media.example.com/v/102,2026-04-08 10:41:32
131,https://media.example.com/v/108,2026-04-08 10:39:22
43,https://media.example.com/v/139,2026-04-08 10:39:27
99,https://media.example.com/v/44,2026-04-08 10:40:35
122,https://media.example.com/v/184,2026-04-08 10:39:51
29,https://media.example.com/v/495,2026-04-08 10:36:00
134,https://media.example.com/v/155,2026-04-08 10:38:52
90,https://media.example.com/v/417,2026-04-08 10:40:49
107,https://media.example.com/v/329,2026-04-08 10:36:42
16,https://media.example.com/v/318,2026-04-08 10:38:41
32,https://media.example.com/v/512,2026-04-08 10:37:46
22,https://media.example.com/v/90,2026-04-08 10:38:24
85,https://media.example.com/v/230,2026-04-08 10:37:02
34,https://media.example.com/v/145,2026-04-08 10:40:09
124,https://media.example.com/v/241,2026-04-08 10:36:21
92,https://media.example.com/v/570,2026-04-08 10:38:22
7,https://media.example.com/v/211,2026-04-08 10:40:35
69,https://media.example.com/v/307,2026-04-08 10:38:10
97,https://media.example.com/v/463,2026-04-08 10:39:06
17,https://media.example.com/v/170,2026-04-08 10:41:29
56,https://media.example.com/v/88,2026-04-08 10:36:34
102,https://media.example.com/v/98,2026-04-08 10:39:20
57,https://media.example.com/v/31,2026-04-08 10:36:10
37,https://media.example.com/v/173,2026-04-08 10:39:52
58,https://media.example.com/v/464,2026-04-08 10:40:34
54,https://media.example.com/v/297,2026-04-08 10:40:21
130,https://media.example.com/v/266,2026-04-08 10:38:36
61,https://media.example.com/v/4,2026-04-08 10:38:30
118,https://media.example.com/v/407,2026-04-08 10:39:12
61,https://media.example.com/v/240,2026-04-08 10:38:11
79,https://media.example.com/v/65,2026-04-08 10:39:29
58,https://media.example.com/v/120,2026-04-08 10:41:10
38,https://media.example.com/v/285,2026-04-08 10:40:46
23,https://media.example.com/v/71,2026-04-08 10:38:56
95,https://media.example.com/v/575,2026-04-08 10:40:02
44,https://media.example.com/v/538,2026-04-08 10:37:08
149,https://media.example.com/v/331,2026-04-08 10:36:58
85,https://media.example.com/v/421,2026-04-08 10:39:13
128,https://media.example.com/v/515,2026-04-08 10:41:09
76,https://media.example.com/v/117,2026-04-08 10:38:12
60,https://media.example.com/v/239,2026-04-08 10:41:44
48,https://media.example.com/v/101,2026-04-08 10:41:26
61,https://media.example.com/v/505,2026-04-08 10:40:12
41,https://media.example.com/v/228,2026-04-08 10:41:45
52,https://media.example.com/v/58,2026-04-08 10:41:35
140,https://media.example.com/v/136,2026-04-08 10:36:18
9,https://media.example.com/v/462,2026-04-08 10:40:30
54,https://media.example.com/v/571,2026-04-08 10:36:08
4,https://media.example.com/v/288,2026-04-08 10:37:07
86,https://media.example.com/v/322,2026-04-08 10:38:18
108,https://media.example.com/v/245,2026-04-08 10:38:45
121,https://media.example.com/v/344,2026-04-08 10:36:56
90,https://media.example.com/v/390,2026-04-08 10:39:33
102,https://media.example.com/v/359,2026-04-08 10:37:55
103,https://media.example.com/v/197,2026-04-08 10:40:28
150,https://media.example.com/v/390,2026-04-08 10:38:19
81,https://media.example.com/v/304,2026-04-08 10:38:37
119,https://media.example.com/v/376,2026-04-08 10:41:35
21,https://media.example.com/v/43,2026-04-08 10:41:39
116,https://media.example.com/v/232,2026-04-08 10:40:05
112,https://media.example.com/v/446,2026-04-08 10:40:42
125,https://media.example.com/v/326,2026-04-08 10:39:05
94,https://media.example.com/v/91,2026-04-08 10:41:14
120,https://media.example.com/v/68,2026-04-08 10:36:50
39,https://media.example.com/v/325,2026-04-08 10:40:29
150,https://media.example.com/v/57,2026-04-08 10:41:27
69,https://media.example.com/v/20,2026-04-08 10:39:46
41,https://media.example.com/v/302,2026-04-08 10:41:28
124,https://media.example.com/v/307,2026-04-08 10:40:53
12,https://media.example.com/v/240,2026-04-08 10:37:49
57,https://media.example.com/v/237,2026-04-08 10:40:33
51,https://media.example.com/v/2,2026-04-08 10:36:26
97,https://media.example.com/v/234,2026-04-08 10:41:38
57,https://media.example.com/v/292,2026-04-08 10:37:24
15,https://media.example.com/v/245,2026-04-08 10:40:39
130,https://media.example.com/v/59,2026-04-08 10:40:58
67,https://media.example.com/v/329,2026-04-08 10:38:21
10,https://media.example.com/v/549,2026-04-08 10:37:16
120,https://media.example.com/v/350,2026-04-08 10:37:07
139,https://media.example.com/v/565,2026-04-08 10:36:52
12,https://media.example.com/v/59,2026-04-08 10:40:44
78,https://media.example.com/v/344,2026-04-08 10:38:11
67,https://media.example.com/v/296,2026-04-08 10:37:12
46,https://media.example.com/v/119,2026-04-08 10:36:43
28,https://media.example.com/v/526,2026-04-08 10:41:42
56,https://media.example.com/v/182,2026-04-08 10:39:32
143,https://media.example.com/v/421,2026-04-08 10:40:08
26,https://media.example.com/v/401,2026-04-08 10:40:39
11,https://media.example.com/v/377,2026-04-08 10:38:26
125,https://media.example.com/v/579,2026-04-08 10:39:42
103,https://media.example.com/v/386,2026-04-08 10:37:06
98,https://media.example.com/v/553,2026-04-08 10:36:58
66,https://media.example.com/v/248,2026-04-08 10:39:10
118,https://media.example.com/v/89,2026-04-08 10:40:46
115,https://media.example.com/v/156,2026-04-08 10:40:24
68,https://media.example.com/v/17,2026-04-08 10:38:32
13,https://media.example.com/v/141,2026-04-08 10:38:36
32,https://media.example.com/v/22,2026-04-08 10:40:33
70,https://media.example.com/v/307,2026-04-08 10:37:51
76,https://media.example.com/v/113,2026-04-08 10:41:45
123,https://media.example.com/v/208,2026-04-08 10:40:08
95,https://media.example.com/v/48,2026-04-08 10:40:23
82,https://media.example.com/v/543,2026-04-08 10:39:08
30,https://media.example.com/v/152,2026-04-08 10:37:58
34,https://media.example.com/v/246,2026-04-08 10:39:41
24,https://media.example.com/v/85,2026-04-08 10:38:12
50,https://media.example.com/v/453,2026-04-08 10:38:10
140,https://media.example.com/v/98,2026-04-08 10:38:07
116,https://media.example.com/v/245,2026-04-08 10:37:22
50,https://media.example.com/v/269,2026-04-08 10:35:49
33,https://media.example.com/v/354,2026-04-08 10:39:36
42,https://media.example.com/v/576,2026-04-08 10:37:44
84,https://media.example.com/v/567,2026-04-08 10:38:38
84,https://media.example.com/v/136,2026-04-08 10:40:31
87,https://media.example.com/v/149,2026-04-08 10:39:31
123,https://media.example.com/v/101,2026-04-08 10:38:21
2,https://media.example.com/v/397,2026-04-08 10:39:01
54,https://media.example.com/v/86,2026-04-08 10:39:52
39,https://media.example.com/v/541,2026-04-08 10:35:54
89,https://media.example.com/v/236,2026-04-08 10:40:50
28,https://media.example.com/v/344,2026-04-08 10:37:17
111,https://media.example.com/v/327,2026-04-08 10:38:58
23,https://media.example.com/v/456,2026-04-08 10:41:05
36,https://media.example.com/v/173,2026-04-08 10:39:33
96,https://media.example.com/v/199,2026-04-08 10:38:11
62,https://media.example.com/v/139,2026-04-08 10:39:28
87,https://media.example.com/v/528,2026-04-08 10:41:46
32,https://media.example.com/v/292,2026-04-08 10:41:31
84,https://media.example.com/v/92,2026-04-08 10:41:16
94,https://media.example.com/v/259,2026-04-08 10:38:24
3,https://media.example.com/v/106,2026-04-08 10:39:49
19,https://media.example.com/v/167,2026-04-08 10:41:27
9,https://media.example.com/v/219,2026-04-08 10:38:13
71,https://media.example.com/v/260,2026-04-08 10:40:53
76,https://media.example.com/v/161,2026-04-08 10:39:26
33,https://media.example.com/v/290,2026-04-08 10:41:16
112,https://media.example.com/v/421,2026-04-08 10:35:52
113,https://media.example.com/v/78,2026-04-08 10:41:02
97,https://media.example.com/v/119,2026-04-08 10:36:55
144,https://media.example.com/v/283,2026-04-08 10:37:25
94,https://media.example.com/v/154,2026-04-08 10:38:08
66,https://media.example.com/v/579,2026-04-08 10:38:55
82,https://media.example.com/v/284,2026-04-08 10:39:05
15,https://media.example.com/v/224,2026-04-08 10:40:18
128,https://media.example.com/v/412,2026-04-08 10:39:36
10,https://media.example.com/v/418,2026-04-08 10:39:06
10,https://media.example.com/v/397,2026-04-08 10:41:36
3,https://media.example.com/v/318,2026-04-08 10:39:29
113,https://media.example.com/v/191,2026-04-08 10:38:09
81,https://media.example.com/v/364,2026-04-08 10:38:44
58,https://media.example.com/v/305,2026-04-08 10:37:32
131,https://media.example.com/v/106,2026-04-08 10:41:16
51,https://media.example.com/v/265,2026-04-08 10:41:03
133,https://media.example.com/v/13,2026-04-08 10:40:51
13,https://media.example.com/v/474,2026-04-08 10:37:58
81,https://media.example.com/v/314,2026-04-08 10:37:03
67,https://media.example.com/v/463,2026-04-08 10:40:29
126,https://media.example.com/v/285,2026-04-08 10:38:21
134,https://media.example.com/v/15,2026-04-08 10:39:50
41,https://media.example.com/v/404,2026-04-08 10:36:44
3,https://media.example.com/v/458,2026-04-08 10:40:58
94,https://media.example.com/v/1,2026-04-08 10:40:11
109,https://media.example.com/v/457,2026-04-08 10:39:56
136,https://media.example.com/v/573,2026-04-08 10:40:47
7,https://media.example.com/v/119,2026-04-08 10:38:17
101,https://media.example.com/v/21,2026-04-08 10:36:53
111,https://media.example.com/v/481,2026-04-08 10:38:41
17,https://media.example.com/v/138,2026-04-08 10:41:46
148,https://media.example.com/v/252,2026-04-08 10:41:14
99,https://media.example.com/v/363,2026-04-08 10:41:25
66,https://media.example.com/v/227,2026-04-08 10:41:06
13,https://media.example.com/v/447,2026-04-08 10:41:28
61,https://media.example.com/v/577,2026-04-08 10:39:40
138,https://media.example.com/v/598,2026-04-08 10:41:01
55,https://media.example.com/v/419,2026-04-08 10:36:18
35,https://media.example.com/v/385,2026-04-08 10:36:02
10,https://media.example.com/v/195,2026-04-08 10:40:56
127,https://media.example.com/v/152,2026-04-08 10:38:15
56,https://media.example.com/v/312,2026-04-08 10:39:56
146,https://media.example.com/v/141,2026-04-08 10:39:49
60,https://media.example.com/v/565,2026-04-08 10:40:50
100,https://media.example.com/v/565,2026-04-08 10:38:17
99,https://media.example.com/v/560,2026-04-08 10:37:04
64,https://media.example.com/v/230,2026-04-08 10:37:32
141,https://media.example.com/v/317,2026-04-08 10:36:31
74,https://media.example.com/v/550,2026-04-08 10:38:25
62,https://media.example.com/v/149,2026-04-08 10:37:19
110,https://media.example.com/v/547,2026-04-08 10:36:14
142,https://media.example.com/v/291,2026-04-08 10:39:56
86,https://media.example.com/v/95,2026-04-08 10:36:20
108,https://media.example.com/v/326,2026-04-08 10:39:10
16,https://media.example.com/v/193,2026-04-08 10:39:32
111,https://media.example.com/v/506,2026-04-08 10:36:03
20,https://media.example.com/v/542,2026-04-08 10:39:39
72,https://media.example.com/v/205,2026-04-08 10:38:00
80,https://media.example.com/v/141,2026-04-08 10:38:08
2,https://media.example.com/v/120,2026-04-08 10:38:37
137,https://media.example.com/v/107,2026-04-08 10:37:12
89,https://media.example.com/v/365,2026-04-08 10:41:22
145,https://media.example.com/v/222,2026-04-08 10:36:33
102,https://media.example.com/v/40,2026-04-08 10:41:30
144,https://media.example.com/v/300,2026-04-08 10:38:59
62,https://media.example.com/v/589,2026-04-08 10:39:27
12,https://media.example.com/v/521,2026-04-08 10:36:36
18,https://media.example.com/v/356,2026-04-08 10:38:56
128,https://media.example.com/v/512,2026-04-08 10:39:57
93,https://media.example.com/v/266,2026-04-08 10:37:20
65,https://media.example.com/v/152,2026-04-08 10:38:19
108,https://media.example.com/v/277,2026-04-08 10:37:17
34,https://media.example.com/v/68,2026-04-08 10:36:26
1,https://media.example.com/v/362,2026-04-08 10:36:55
7,https://media.example.com/v/448,2026-04-08 10:37:48
121,https://media.example.com/v/507,2026-04-08 10:41:27
114,https://media.example.com/v/400,2026-04-08 10:41:41
23,https://media.example.com/v/277,2026-04-08 10:36:21
36,https://media.example.com/v/102,2026-04-08 10:40:42
127,https://media.example.com/v/441,2026-04-08 10:39:26
32,https://media.example.com/v/334,2026-04-08 10:39:46
53,https://media.example.com/v/43,2026-04-08 10:41:02
16,https://media.example.com/v/587,2026-04-08 10:37:06
116,https://media.example.com/v/387,2026-04-08 10:38:12
141,https://media.example.com/v/392,2026-04-08 10:39:56
120,https://media.example.com/v/544,2026-04-08 10:41:21
38,https://media.example.com/v/118,2026-04-08 10:39:28
113,https://media.example.com/v/599,2026-04-08 10:41:00
21,https://media.example.com/v/530,2026-04-08 10:41:38
31,https://media.example.com/v/278,2026-04-08 10:41:40
51,https://media.example.com/v/61,2026-04-08 10:40:43
35,https://media.example.com/v/443,2026-04-08 10:39:51
149,https://media.example.com/v/594,2026-04-08 10:39:27
81,https://media.example.com/v/441,2026-04-08 10:36:27
147,https://media.example.com/v/514,2026-04-08 10:36:40
63,https://media.example.com/v/447,2026-04-08 10:36:37
143,https://media.example.com/v/130,2026-04-08 10:40:58
98,https://media.example.com/v/425,2026-04-08 10:37:15
79,https://media.example.com/v/19,2026-04-08 10:40:08
91,https://media.example.com/v/15,2026-04-08 10:41:35
16,https://media.example.com/v/513,2026-04-08 10:41:41
118,https://media.example.com/v/37,2026-04-08 10:39:06
121,https://media.example.com/v/274,2026-04-08 10:37:19
19,https://media.example.com/v/308,2026-04-08 10:38:38
104,https://media.example.com/v/47,2026-04-08 10:40:23
85,https://media.example.com/v/255,2026-04-08 10:37:21
150,https://media.example.com/v/414,2026-04-08 10:37:14
19,https://media.example.com/v/480,2026-04-08 10:37:24
60,https://media.example.com/v/541,2026-04-08 10:38:06
55,https://media.example.com/v/226,2026-04-08 10:36:03
138,https://media.example.com/v/345,2026-04-08 10:36:52
1,https://media.example.com/v/266,2026-04-08 10:36:49
115,https://media.example.com/v/360,2026-04-08 10:36:40
1,https://media.example.com/v/101,2026-04-08 10:39:29
102,https://media.example.com/v/58,2026-04-08 10:40:51
105,https://media.example.com/v/156,2026-04-08 10:36:38
46,https://media.example.com/v/88,2026-04-08 10:37:34
128,https://media.example.com/v/593,2026-04-08 10:38:58
92,https://media.example.com/v/584,2026-04-08 10:40:37
119,https://media.example.com/v/412,2026-04-08 10:39:16
141,https://media.example.com/v/345,2026-04-08 10:37:59
26,https://media.example.com/v/444,2026-04-08 10:39:56
67,https://media.example.com/v/342,2026-04-08 10:38:53
74,https://media.example.com/v/226,2026-04-08 10:40:41
61,https://media.example.com/v/66,2026-04-08 10:41:42
64,https://media.example.com/v/545,2026-04-08 10:41:22
7,https://media.example.com/v/239,2026-04-08 10:39:09
94,https://media.example.com/v/110,2026-04-08 10:37:45
13,https://media.example.com/v/538,2026-04-08 10:41:41
129,https://media.example.com/v/8,2026-04-08 10:35:50
36,https://media.example.com/v/125,2026-04-08 10:41:30
142,https://media.example.com/v/472,2026-04-08 10:38:28
39,https://media.example.com/v/442,2026-04-08 10:36:08
15,https://media.example.com/v/130,2026-04-08 10:41:06
23,https://media.example.com/v/522,2026-04-08 10:40:06
42,https://media.example.com/v/513,2026-04-08 10:41:14
68,https://media.example.com/v/440,2026-04-08 10:37:06
68,https://media.example.com/v/549,2026-04-08 10:37:11
49,https://media.example.com/v/153,2026-04-08 10:40:42
136,https://media.example.com/v/383,2026-04-08 10:40:47
70,https://media.example.com/v/528,2026-04-08 10:41:36
41,https://media.example.com/v/93,2026-04-08 10:41:11
1,https://media.example.com/v/477,2026-04-08 10:41:18
101,https://media.example.com/v/447,2026-04-08 10:40:39
119,https://media.example.com/v/598,2026-04-08 10:36:28
69,https://media.example.com/v/236,2026-04-08 10:39:38
71,https://media.example.com/v/359,2026-04-08 10:38:11
101,https://media.example.com/v/208,2026-04-08 10:41:41
23,https://media.example.com/v/105,2026-04-08 10:36:26
4,https://media.example.com/v/74,2026-04-08 10:38:11
132,https://media.example.com/v/505,2026-04-08 10:40:54
89,https://media.example.com/v/331,2026-04-08 10:41:02
95,https://media.example.com/v/57,2026-04-08 10:40:47
129,https://media.example.com/v/206,2026-04-08 10:37:55
101,https://media.example.com/v/290,2026-04-08 10:36:33
100,https://media.example.com/v/442,2026-04-08 10:38:29
123,https://media.example.com/v/559,2026-04-08 10:41:36
94,https://media.example.com/v/201,2026-04-08 10:41:21
46,https://media.example.com/v/414,2026-04-08 10:41:07
78,https://media.example.com/v/269,2026-04-08 10:39:28
119,https://media.example.com/v/7,2026-04-08 10:37:10
105,https://media.example.com/v/376,2026-04-08 10:38:42
148,https://media.example.com/v/348,2026-04-08 10:40:28
30,https://media.example.com/v/91,2026-04-08 10:36:52
150,https://media.example.com/v/565,2026-04-08 10:36:58
21,https://media.example.com/v/240,2026-04-08 10:40:04
45,https://media.example.com/v/125,2026-04-08 10:39:18
121,https://media.example.com/v/193,2026-04-08 10:40:47
121,https://media.example.com/v/183,2026-04-08 10:41:36
88,https://media.example.com/v/145,2026-04-08 10:39:51
39,https://media.example.com/v/319,2026-04-08 10:40:22
16,https://media.example.com/v/350,2026-04-08 10:37:13
13,https://media.example.com/v/177,2026-04-08 10:37:11
120,https://media.example.com/v/206,2026-04-08 10:39:26
44,https://media.example.com/v/104,2026-04-08 10:35:57
62,https://media.example.com/v/525,2026-04-08 10:36:48
12,https://media.example.com/v/528,2026-04-08 10:39:19
134,https://media.example.com/v/108,2026-04-08 10:41:06
12,https://media.example.com/v/137,2026-04-08 10:39:59
79,https://media.example.com/v/273,2026-04-08 10:40:37
94,https://media.example.com/v/130,2026-04-08 10:41:21
18,https://media.example.com/v/151,2026-04-08 10:40:05
122,https://media.example.com/v/480,2026-04-08 10:41:31
126,https://media.example.com/v/588,2026-04-08 10:40:57
70,https://media.example.com/v/27,2026-04-08 10:36:07
134,https://media.example.com/v/349,2026-04-08 10:41:03
34,https://media.example.com/v/182,2026-04-08 10:37:55
10,https://media.example.com/v/414,2026-04-08 10:36:03
93,https://media.example.com/v/297,2026-04-08 10:39:19
102,https://media.example.com/v/256,2026-04-08 10:38:14
35,https://media.example.com/v/537,2026-04-08 10:40:21
6,https://media.example.com/v/347,2026-04-08 10:36:24
66,https://media.example.com/v/49,2026-04-08 10:36:28
49,https://media.example.com/v/493,2026-04-08 10:37:29
54,https://media.example.com/v/372,2026-04-08 10:36:02
50,https://media.example.com/v/552,2026-04-08 10:41:33
39,https://media.example.com/v/404,2026-04-08 10:39:10
83,https://media.example.com/v/495,2026-04-08 10:39:51
8,https://media.example.com/v/209,2026-04-08 10:36:05
33,https://media.example.com/v/27,2026-04-08 10:37:12
144,https://media.example.com/v/488,2026-04-08 10:38:05
72,https://media.example.com/v/76,2026-04-08 10:37:11
85,https://media.example.com/v/8,2026-04-08 10:36:58
10,https://media.example.com/v/543,2026-04-08 10:35:46
147,https://media.example.com/v/289,2026-04-08 10:38:28
55,https://media.example.com/v/467,2026-04-08 10:37:10
117,https://media.example.com/v/339,2026-04-08 10:41:29
85,https://media.example.com/v/132,2026-04-08 10:40:16
8,https://media.example.com/v/141,2026-04-08 10:38:49
14,https://media.example.com/v/20,2026-04-08 10:37:28
68,https://media.example.com/v/358,2026-04-08 10:41:36
58,https://media.example.com/v/180,2026-04-08 10:38:43
85,https://media.example.com/v/176,2026-04-08 10:38:17
49,https://media.example.com/v/129,2026-04-08 10:39:42
41,https://media.example.com/v/9,2026-04-08 10:37:01
89,https://media.example.com/v/67,2026-04-08 10:36:51
108,https://media.example.com/v/240,2026-04-08 10:39:52
109,https://media.example.com/v/100,2026-04-08 10:37:47
34,https://media.example.com/v/531,2026-04-08 10:35:52
74,https://media.example.com/v/453,2026-04-08 10:38:44
49,https://media.example.com/v/432,2026-04-08 10:38:55
145,https://media.example.com/v/318,2026-04-08 10:41:37
35,https://media.example.com/v/444,2026-04-08 10:40:04
139,https://media.example.com/v/287,2026-04-08 10:40:20
142,https://media.example.com/v/388,2026-04-08 10:41:07
81,https://media.example.com/v/433,2026-04-08 10:40:16
46,https://media.example.com/v/22,2026-04-08 10:37:54
51,https://media.example.com/v/545,2026-04-08 10:36:16
133,https://media.example.com/v/53,2026-04-08 10:36:35
43,https://media.example.com/v/119,2026-04-08 10:39:23
114,https://media.example.com/v/51,2026-04-08 10:35:54
53,https://media.example.com/v/251,2026-04-08 10:41:28
121,https://media.example.com/v/164,2026-04-08 10:37:06
38,https://media.example.com/v/600,2026-04-08 10:37:40
131,https://media.example.com/v/428,2026-04-08 10:40:23
38,https://media.example.com/v/86,2026-04-08 10:40:02
83,https://media.example.com/v/206,2026-04-08 10:36:49
108,https://media.example.com/v/83,2026-04-08 10:38:55
93,https://media.example.com/v/263,2026-04-08 10:36:11
29,https://media.example.com/v/396,2026-04-08 10:40:40
5,https://media.example.com/v/139,2026-04-08 10:38:09
62,https://media.example.com/v/583,2026-04-08 10:40:06
16,https://media.example.com/v/385,2026-04-08 10:39:22
10,https://media.example.com/v/139,2026-04-08 10:41:21
59,https://media.example.com/v/275,2026-04-08 10:40:55
91,https://media.example.com/v/278,2026-04-08 10:37:24
57,https://media.example.com/v/28,2026-04-08 10:39:23
92,https://media.example.com/v/244,2026-04-08 10:36:17
22,https://media.example.com/v/25,2026-04-08 10:36:33
21,https://media.example.com/v/264,2026-04-08 10:35:46
4,https://media.example.com/v/326,2026-04-08 10:36:44
131,https://media.example.com/v/299,2026-04-08 10:39:01
139,https://media.example.com/v/317,2026-04-08 10:40:21
11,https://media.example.com/v/516,2026-04-08 10:39:45
40,https://media.example.com/v/263,2026-04-08 10:40:03
50,https://media.example.com/v/207,2026-04-08 10:37:36
99,https://media.example.com/v/115,2026-04-08 10:38:28
97,https://media.example.com/v/129,2026-04-08 10:38:15
82,https://media.example.com/v/70,2026-04-08 10:40:25
19,https://media.example.com/v/164,2026-04-08 10:36:21
118,https://media.example.com/v/598,2026-04-08 10:39:03
64,https://media.example.com/v/476,2026-04-08 10:39:11
53,https://media.example.com/v/585,2026-04-08 10:38:15
24,https://media.example.com/v/385,2026-04-08 10:40:25
105,https://media.example.com/v/444,2026-04-08 10:36:16
65,https://media.example.com/v/437,2026-04-08 10:40:36
90,https://media.example.com/v/67,2026-04-08 10:40:03
107,https://media.example.com/v/15,2026-04-08 10:41:37
132,https://media.example.com/v/468,2026-04-08 10:38:35
56,https://media.example.com/v/263,2026-04-08 10:38:19
141,https://media.example.com/v/179,2026-04-08 10:41:46
92,https://media.example.com/v/498,2026-04-08 10:35:53
10,https://media.example.com/v/588,2026-04-08 10:36:16
57,https://media.example.com/v/70,2026-04-08 10:41:04
105,https://media.example.com/v/30,2026-04-08 10:40:17
67,https://media.example.com/v/349,2026-04-08 10:37:24
139,https://media.example.com/v/4,2026-04-08 10:36:38
134,https://media.example.com/v/145,2026-04-08 10:39:34
9,https://media.example.com/v/306,2026-04-08 10:38:06
66,https://media.example.com/v/386,2026-04-08 10:36:49
95,https://media.example.com/v/184,2026-04-08 10:39:46
72,https://media.example.com/v/457,2026-04-08 10:40:16
7,https://media.example.com/v/477,2026-04-08 10:36:23
140,https://media.example.com/v/163,2026-04-08 10:40:39
8,https://media.example.com/v/219,2026-04-08 10:39:41
2,https://media.example.com/v/421,2026-04-08 10:40:45
53,https://media.example.com/v/254,2026-04-08 10:37:54
102,https://media.example.com/v/54,2026-04-08 10:39:08
79,https://media.example.com/v/380,2026-04-08 10:41:27
124,https://media.example.com/v/547,2026-04-08 10:40:44
19,https://media.example.com/v/92,2026-04-08 10:38:17
26,https://media.example.com/v/481,2026-04-08 10:36:33
119,https://media.example.com/v/45,2026-04-08 10:38:38
90,https://media.example.com/v/300,2026-04-08 10:41:38
102,https://media.example.com/v/118,2026-04-08 10:36:40
104,https://media.example.com/v/417,2026-04-08 10:37:53
33,https://media.example.com/v/198,2026-04-08 10:41:36
90,https://media.example.com/v/353,2026-04-08 10:37:06
97,https://media.example.com/v/236,2026-04-08 10:36:51
74,https://media.example.com/v/69,2026-04-08 10:37:12
10,https://media.example.com/v/344,2026-04-08 10:36:34
5,https://media.example.com/v/428,2026-04-08 10:37:50
114,https://media.example.com/v/13,2026-04-08 10:37:44
27,https://media.example.com/v/411,2026-04-08 10:39:49
87,https://media.example.com/v/244,2026-04-08 10:40:02
12,https://media.example.com/v/540,2026-04-08 10:38:50
65,https://media.example.com/v/5,2026-04-08 10:38:20
90,https://media.example.com/v/577,2026-04-08 10:36:18
19,https://media.example.com/v/530,2026-04-08 10:39:04
71,https://media.example.com/v/255,2026-04-08 10:39:56
108,https://media.example.com/v/233,2026-04-08 10:37:43
25,https://media.example.com/v/264,2026-04-08 10:40:46
15,https://media.example.com/v/1,2026-04-08 10:41:19
76,https://media.example.com/v/355,2026-04-08 10:36:06
54,https://media.example.com/v/308,2026-04-08 10:39:52
76,https://media.example.com/v/466,2026-04-08 10:38:53
77,https://media.example.com/v/459,2026-04-08 10:41:36
108,https://media.example.com/v/246,2026-04-08 10:36:26
88,https://media.example.com/v/226,2026-04-08 10:38:23
8,https://media.example.com/v/301,2026-04-08 10:37:57
143,https://media.example.com/v/216,2026-04-08 10:39:56
144,https://media.example.com/v/18,2026-04-08 10:41:40
47,https://media.example.com/v/100,2026-04-08 10:37:15
35,https://media.example.com/v/6,2026-04-08 10:39:22
132,https://media.example.com/v/347,2026-04-08 10:38:28
46,https://media.example.com/v/332,2026-04-08 10:37:31
113,https://media.example.com/v/234,2026-04-08 10:37:05
11,https://media.example.com/v/320,2026-04-08 10:41:37
131,https://media.example.com/v/581,2026-04-08 10:38:45
4,https://media.example.com/v/118,2026-04-08 10:40:41
60,https://media.example.com/v/285,2026-04-08 10:40:13
133,https://media.example.com/v/155,2026-04-08 10:38:39
6,https://media.example.com/v/304,2026-04-08 10:39:48
48,https://media.example.com/v/345,2026-04-08 10:38:21
108,https://media.example.com/v/178,2026-04-08 10:36:44
92,https://media.example.com/v/217,2026-04-08 10:40:19
149,https://media.example.com/v/548,2026-04-08 10:39:51
135,https://media.example.com/v/161,2026-04-08 10:37:08
87,https://media.example.com/v/488,2026-04-08 10:36:32
87,https://media.example.com/v/308,2026-04-08 10:36:16
70,https://media.example.com/v/471,2026-04-08 10:41:40
55,https://media.example.com/v/434,2026-04-08 10:39:09
43,https://media.example.com/v/453,2026-04-08 10:41:31
141,https://media.example.com/v/1,2026-04-08 10:37:06
101,https://media.example.com/v/52,2026-04-08 10:37:07
126,https://media.example.com/v/520,2026-04-08 10:37:47
62,https://media.example.com/v/419,2026-04-08 10:37:13
32,https://media.example.com/v/246,2026-04-08 10:39:11
139,https://media.example.com/v/246,2026-04-08 10:35:47
138,https://media.example.com/v/458,2026-04-08 10:40:31
124,https://media.example.com/v/487,2026-04-08 10:40:32
19,https://media.example.com/v/297,2026-04-08 10:36:17
78,https://media.example.com/v/410,2026-04-08 10:36:12
82,https://media.example.com/v/365,2026-04-08 10:40:23
148,https://media.example.com/v/47,2026-04-08 10:41:42
51,https://media.example.com/v/532,2026-04-08 10:41:38
98,https://media.example.com/v/209,2026-04-08 10:41:04
148,https://media.example.com/v/585,2026-04-08 10:36:49
24,https://media.example.com/v/482,2026-04-08 10:36:29
52,https://media.example.com/v/445,2026-04-08 10:36:56
102,https://media.example.com/v/552,2026-04-08 10:40:54
133,https://media.example.com/v/98,2026-04-08 10:36:07
46,https://media.example.com/v/45,2026-04-08 10:36:10
36,https://media.example.com/v/592,2026-04-08 10:41:18
118,https://media.example.com/v/458,2026-04-08 10:37:44
11,https://media.example.com/v/34,2026-04-08 10:36:13
51,https://media.example.com/v/64,2026-04-08 10:39:14
12,https://media.example.com/v/272,2026-04-08 10:36:18
125,https://media.example.com/v/227,2026-04-08 10:36:26
122,https://media.example.com/v/256,2026-04-08 10:39:10
17,https://media.example.com/v/69,2026-04-08 10:37:02
57,https://media.example.com/v/453,2026-04-08 10:40:10
38,https://media.example.com/v/100,2026-04-08 10:38:08
12,https://media.example.com/v/531,2026-04-08 10:38:52
59,https://media.example.com/v/119,2026-04-08 10:39:01
38,https://media.example.com/v/376,2026-04-08 10:36:12
118,https://media.example.com/v/240,2026-04-08 10:37:02
110,https://media.example.com/v/412,2026-04-08 10:40:20
57,https://media.example.com/v/591,2026-04-08 10:36:35
49,https://media.example.com/v/443,2026-04-08 10:37:49
145,https://media.example.com/v/14,2026-04-08 10:39:11
7,https://media.example.com/v/537,2026-04-08 10:39:27
116,https://media.example.com/v/418,2026-04-08 10:38:53
147,https://media.example.com/v/364,2026-04-08 10:41:26
51,https://media.example.com/v/514,2026-04-08 10:38:58
64,https://media.example.com/v/540,2026-04-08 10:39:56
50,https://media.example.com/v/127,2026-04-08 10:41:38
148,https://media.example.com/v/317,2026-04-08 10:41:22
147,https://media.example.com/v/532,2026-04-08 10:37:40
7,https://media.example.com/v/406,2026-04-08 10:40:37
98,https://media.example.com/v/94,2026-04-08 10:37:12
12,https://media.example.com/v/466,2026-04-08 10:41:06
29,https://media.example.com/v/375,2026-04-08 10:35:58
79,https://media.example.com/v/34,2026-04-08 10:40:03
18,https://media.example.com/v/50,2026-04-08 10:39:27
87,https://media.example.com/v/450,2026-04-08 10:40:44
44,https://media.example.com/v/356,2026-04-08 10:41:29
43,https://media.example.com/v/302,2026-04-08 10:37:15
67,https://media.example.com/v/122,2026-04-08 10:37:06
133,https://media.example.com/v/445,2026-04-08 10:40:26
139,https://media.example.com/v/319,2026-04-08 10:38:44
26,https://media.example.com/v/398,2026-04-08 10:36:55
48,https://media.example.com/v/58,2026-04-08 10:36:50
136,https://media.example.com/v/353,2026-04-08 10:40:59
11,https://media.example.com/v/269,2026-04-08 10:40:31
60,https://media.example.com/v/257,2026-04-08 10:40:57
74,https://media.example.com/v/290,2026-04-08 10:38:30
38,https://media.example.com/v/270,2026-04-08 10:38:01
84,https://media.example.com/v/356,2026-04-08 10:36:59
99,https://media.example.com/v/301,2026-04-08 10:38:57
65,https://media.example.com/v/482,2026-04-08 10:37:28
77,https://media.example.com/v/464,2026-04-08 10:36:18
24,https://media.example.com/v/31,2026-04-08 10:39:34
33,https://media.example.com/v/257,2026-04-08 10:41:19
102,https://media.example.com/v/92,2026-04-08 10:39:43
46,https://media.example.com/v/235,2026-04-08 10:36:40
41,https://media.example.com/v/420,2026-04-08 10:36:13
69,https://media.example.com/v/411,2026-04-08 10:37:53
47,https://media.example.com/v/503,2026-04-08 10:39:08
108,https://media.example.com/v/275,2026-04-08 10:41:03
112,https://media.example.com/v/576,2026-04-08 10:36:42
36,https://media.example.com/v/356,2026-04-08 10:35:46
71,https://media.example.com/v/218,2026-04-08 10:38:48
41,https://media.example.com/v/210,2026-04-08 10:36:23
21,https://media.example.com/v/435,2026-04-08 10:37:26
121,https://media.example.com/v/283,2026-04-08 10:37:19
48,https://media.example.com/v/286,2026-04-08 10:41:24
119,https://media.example.com/v/1,2026-04-08 10:36:59
137,https://media.example.com/v/227,2026-04-08 10:36:55
82,https://media.example.com/v/593,2026-04-08 10:40:39
17,https://media.example.com/v/594,2026-04-08 10:41:15
30,https://media.example.com/v/244,2026-04-08 10:38:26
41,https://media.example.com/v/179,2026-04-08 10:40:56
18,https://media.example.com/v/168,2026-04-08 10:37:19
56,https://media.example.com/v/155,2026-04-08 10:38:25
33,https://media.example.com/v/454,2026-04-08 10:39:26
98,https://media.example.com/v/550,2026-04-08 10:37:45
76,https://media.example.com/v/437,2026-04-08 10:40:50
67,https://media.example.com/v/121,2026-04-08 10:35:49
136,https://media.example.com/v/312,2026-04-08 10:37:43
52,https://media.example.com/v/14,2026-04-08 10:40:17
68,https://media.example.com/v/56,2026-04-08 10:41:37
89,https://media.example.com/v/358,2026-04-08 10:40:50
6,https://media.example.com/v/513,2026-04-08 10:38:36
72,https://media.example.com/v/310,2026-04-08 10:39:28
48,https://media.example.com/v/556,2026-04-08 10:37:16
30,https://media.example.com/v/280,2026-04-08 10:37:10
150,https://media.example.com/v/415,2026-04-08 10:37:07
115,https://media.example.com/v/245,2026-04-08 10:41:44
105,https://media.example.com/v/414,2026-04-08 10:38:51
104,https://media.example.com/v/115,2026-04-08 10:39:34
30,https://media.example.com/v/38,2026-04-08 10:37:06
24,https://media.example.com/v/485,2026-04-08 10:38:00
112,https://media.example.com/v/408,2026-04-08 10:38:56
136,https://media.example.com/v/475,2026-04-08 10:41:07
133,https://media.example.com/v/588,2026-04-08 10:38:44
15,https://media.example.com/v/269,2026-04-08 10:36:41
126,https://media.example.com/v/134,2026-04-08 10:39:22
75,https://media.example.com/v/268,2026-04-08 10:40:58
18,https://media.example.com/v/281,2026-04-08 10:39:22
109,https://media.example.com/v/555,2026-04-08 10:39:54
129,https://media.example.com/v/50,2026-04-08 10:39:03
140,https://media.example.com/v/538,2026-04-08 10:37:21
44,https://media.example.com/v/594,2026-04-08 10:37:57
94,https://media.example.com/v/111,2026-04-08 10:36:52
136,https://media.example.com/v/20,2026-04-08 10:39:57
78,https://media.example.com/v/34,2026-04-08 10:38:38
6,https://media.example.com/v/442,2026-04-08 10:36:26
30,https://media.example.com/v/317,2026-04-08 10:38:59
81,https://media.example.com/v/298,2026-04-08 10:38:59
97,https://media.example.com/v/414,2026-04-08 10:38:46
6,https://media.example.com/v/476,2026-04-08 10:38:03
117,https://media.example.com/v/550,2026-04-08 10:37:39
17,https://media.example.com/v/403,2026-04-08 10:40:46
32,https://media.example.com/v/182,2026-04-08 10:38:17
54,https://media.example.com/v/88,2026-04-08 10:40:11
111,https://media.example.com/v/144,2026-04-08 10:40:42
1,https://media.example.com/v/35,2026-04-08 10:38:13
53,https://media.example.com/v/578,2026-04-08 10:39:38
107,https://media.example.com/v/21,2026-04-08 10:39:28
133,https://media.example.com/v/387,2026-04-08 10:38:29
42,https://media.example.com/v/309,2026-04-08 10:41:25
110,https://media.example.com/v/322,2026-04-08 10:36:13
57,https://media.example.com/v/252,2026-04-08 10:37:52
32,https://media.example.com/v/10,2026-04-08 10:37:00
26,https://media.example.com/v/153,2026-04-08 10:38:18
87,https://media.example.com/v/20,2026-04-08 10:39:51
128,https://media.example.com/v/238,2026-04-08 10:37:00
30,https://media.example.com/v/509,2026-04-08 10:36:00
86,https://media.example.com/v/273,2026-04-08 10:38:49
116,https://media.example.com/v/176,2026-04-08 10:37:33
143,https://media.example.com/v/394,2026-04-08 10:37:14
132,https://media.example.com/v/275,2026-04-08 10:36:20
106,https://media.example.com/v/35,2026-04-08 10:41:11
110,https://media.example.com/v/147,2026-04-08 10:41:34
91,https://media.example.com/v/447,2026-04-08 10:35:56
110,https://media.example.com/v/420,2026-04-08 10:36:29
100,https://media.example.com/v/178,2026-04-08 10:37:54
67,https://media.example.com/v/15,2026-04-08 10:39:16
15,https://media.example.com/v/278,2026-04-08 10:40:15
101,https://media.example.com/v/552,2026-04-08 10:36:09
56,https://media.example.com/v/357,2026-04-08 10:40:24
5,https://media.example.com/v/429,2026-04-08 10:40:47
117,https://media.example.com/v/587,2026-04-08 10:41:38
133,https://media.example.com/v/206,2026-04-08 10:41:24
54,https://media.example.com/v/165,2026-04-08 10:38:02
126,https://media.example.com/v/220,2026-04-08 10:38:40
105,https://media.example.com/v/152,2026-04-08 10:35:57
14,https://media.example.com/v/125,2026-04-08 10:36:45
123,https://media.example.com/v/15,2026-04-08 10:36:52
20,https://media.example.com/v/366,2026-04-08 10:41:16
34,https://media.example.com/v/587,2026-04-08 10:40:31
12,https://media.example.com/v/518,2026-04-08 10:40:33
123,https://media.example.com/v/218,2026-04-08 10:39:09
73,https://media.example.com/v/146,2026-04-08 10:38:32
20,https://media.example.com/v/389,2026-04-08 10:38:00
10,https://media.example.com/v/75,2026-04-08 10:37:28
128,https://media.example.com/v/535,2026-04-08 10:38:20
5,https://media.example.com/v/141,2026-04-08 10:41:00
141,https://media.example.com/v/554,2026-04-08 10:37:22
38,https://media.example.com/v/37,2026-04-08 10:40:07
23,https://media.example.com/v/371,2026-04-08 10:39:00
117,https://media.example.com/v/554,2026-04-08 10:39:24
123,https://media.example.com/v/14,2026-04-08 10:36:06
111,https://media.example.com/v/536,2026-04-08 10:39:06
79,https://media.example.com/v/514,2026-04-08 10:41:00
25,https://media.example.com/v/165,2026-04-08 10:38:11
98,https://media.example.com/v/581,2026-04-08 10:36:02
25,https://media.example.com/v/412,2026-04-08 10:37:51
113,https://media.example.com/v/514,2026-04-08 10:40:48
101,https://media.example.com/v/197,2026-04-08 10:38:24
120,https://media.example.com/v/416,2026-04-08 10:36:14
8,https://media.example.com/v/27,2026-04-08 10:38:13
23,https://media.example.com/v/191,2026-04-08 10:38:27
45,https://media.example.com/v/112,2026-04-08 10:36:43
135,https://media.example.com/v/184,2026-04-08 10:38:53
19,https://media.example.com/v/486,2026-04-08 10:41:14
150,https://media.example.com/v/52,2026-04-08 10:40:12
149,https://media.example.com/v/421,2026-04-08 10:40:49
97,https://media.example.com/v/440,2026-04-08 10:36:34
63,https://media.example.com/v/402,2026-04-08 10:39:35
80,https://media.example.com/v/271,2026-04-08 10:39:08
73,https://media.example.com/v/21,2026-04-08 10:39:30
88,https://media.example.com/v/578,2026-04-08 10:37:02
59,https://media.example.com/v/589,2026-04-08 10:39:12
68,https://media.example.com/v/173,2026-04-08 10:40:28
68,https://media.example.com/v/237,2026-04-08 10:36:46
34,https://media.example.com/v/154,2026-04-08 10:40:40
54,https://media.example.com/v/578,2026-04-08 10:37:51
12,https://media.example.com/v/422,2026-04-08 10:39:19
47,https://media.example.com/v/362,2026-04-08 10:39:25
5,https://media.example.com/v/171,2026-04-08 10:37:48
69,https://media.example.com/v/126,2026-04-08 10:36:07
50,https://media.example.com/v/121,2026-04-08 10:37:44
13,https://media.example.com/v/292,2026-04-08 10:40:17
145,https://media.example.com/v/477,2026-04-08 10:41:25
94,https://media.example.com/v/449,2026-04-08 10:38:37
18,https://media.example.com/v/547,2026-04-08 10:35:56
144,https://media.example.com/v/399,2026-04-08 10:37:30
86,https://media.example.com/v/145,2026-04-08 10:40:08
100,https://media.example.com/v/506,2026-04-08 10:36:02
39,https://media.example.com/v/51,2026-04-08 10:41:43
111,https://media.example.com/v/370,2026-04-08 10:40:52
92,https://media.example.com/v/456,2026-04-08 10:36:10
2,https://media.example.com/v/176,2026-04-08 10:38:13
13,https://media.example.com/v/592,2026-04-08 10:40:50
116,https://media.example.com/v/342,2026-04-08 10:39:36
73,https://media.example.com/v/122,2026-04-08 10:40:46
114,https://media.example.com/v/96,2026-04-08 10:41:27
77,https://media.example.com/v/411,2026-04-08 10:39:32
113,https://media.example.com/v/37,2026-04-08 10:37:46
147,https://media.example.com/v/35,2026-04-08 10:36:29
86,https://media.example.com/v/460,2026-04-08 10:40:50
130,https://media.example.com/v/8,2026-04-08 10:36:26
145,https://media.example.com/v/235,2026-04-08 10:41:33
23,https://media.example.com/v/91,2026-04-08 10:36:57
3,https://media.example.com/v/221,2026-04-08 10:36:11
145,https://media.example.com/v/122,2026-04-08 10:39:21
45,https://media.example.com/v/585,2026-04-08 10:37:22
31,https://media.example.com/v/515,2026-04-08 10:38:59
31,https://media.example.com/v/24,2026-04-08 10:41:04
27,https://media.example.com/v/49,2026-04-08 10:41:09
2,https://media.example.com/v/597,2026-04-08 10:37:58
77,https://media.example.com/v/448,2026-04-08 10:37:53
20,https://media.example.com/v/290,2026-04-08 10:39:45
138,https://media.example.com/v/138,2026-04-08 10:39:16
33,https://media.example.com/v/281,2026-04-08 10:41:20
68,https://media.example.com/v/142,2026-04-08 10:38:29
52,https://media.example.com/v/45,2026-04-08 10:39:28
119,https://media.example.com/v/179,2026-04-08 10:39:04
14,https://media.example.com/v/10,2026-04-08 10:36:09
133,https://media.example.com/v/337,2026-04-08 10:39:18
130,https://media.example.com/v/55,2026-04-08 10:39:47
105,https://media.example.com/v/123,2026-04-08 10:40:17
104,https://media.example.com/v/181,2026-04-08 10:41:22
12,https://media.example.com/v/483,2026-04-08 10:36:31
150,https://media.example.com/v/568,2026-04-08 10:37:00
99,https://media.example.com/v/335,2026-04-08 10:39:29
115,https://media.example.com/v/457,2026-04-08 10:36:50
127,https://media.example.com/v/465,2026-04-08 10:38:42
97,https://media.example.com/v/23,2026-04-08 10:38:31
9,https://media.example.com/v/105,2026-04-08 10:36:47
111,https://media.example.com/v/79,2026-04-08 10:41:13
24,https://media.example.com/v/362,2026-04-08 10:39:49
150,https://media.example.com/v/65,2026-04-08 10:41:28
22,https://media.example.com/v/291,2026-04-08 10:38:21
70,https://media.example.com/v/374,2026-04-08 10:40:20
122,https://media.example.com/v/86,2026-04-08 10:41:00
60,https://media.example.com/v/227,2026-04-08 10:38:38
24,https://media.example.com/v/466,2026-04-08 10:37:11
102,https://media.example.com/v/451,2026-04-08 10:38:08
148,https://media.example.com/v/379,2026-04-08 10:38:32
25,https://media.example.com/v/585,2026-04-08 10:36:00
83,https://media.example.com/v/219,2026-04-08 10:41:05
121,https://media.example.com/v/300,2026-04-08 10:40:03
40,https://media.example.com/v/411,2026-04-08 10:37:53
41,https://media.example.com/v/67,2026-04-08 10:41:42
127,https://media.example.com/v/42,2026-04-08 10:38:46
61,https://media.example.com/v/131,2026-04-08 10:36:35
15,https://media.example.com/v/79,2026-04-08 10:37:01
2,https://media.example.com/v/235,2026-04-08 10:40:52
131,https://media.example.com/v/37,2026-04-08 10:41:00
9,https://media.example.com/v/399,2026-04-08 10:39:48
73,https://media.example.com/v/162,2026-04-08 10:41:37
9,https://media.example.com/v/325,2026-04-08 10:40:17
2,https://media.example.com/v/572,2026-04-08 10:36:50
117,https://media.example.com/v/11,2026-04-08 10:36:55
102,https://media.example.com/v/202,2026-04-08 10:36:47
20,https://media.example.com/v/376,2026-04-08 10:37:06
55,https://media.example.com/v/169,2026-04-08 10:36:29
70,https://media.example.com/v/405,2026-04-08 10:36:50
13,https://media.example.com/v/29,2026-04-08 10:36:14
60,https://media.example.com/v/228,2026-04-08 10:39:58
119,https://media.example.com/v/410,2026-04-08 10:38:33
62,https://media.example.com/v/212,2026-04-08 10:37:58
65,https://media.example.com/v/319,2026-04-08 10:36:20
144,https://media.example.com/v/158,2026-04-08 10:41:06
58,https://media.example.com/v/248,2026-04-08 10:38:58
105,https://media.example.com/v/513,2026-04-08 10:36:36
10,https://media.example.com/v/551,2026-04-08 10:36:36
150,https://media.example.com/v/266,2026-04-08 10:40:05
30,https://media.example.com/v/8,2026-04-08 10:38:30
76,https://media.example.com/v/220,2026-04-08 10:40:22
37,https://media.example.com/v/429,2026-04-08 10:41:22
5,https://media.example.com/v/206,2026-04-08 10:41:23
72,https://media.example.com/v/281,2026-04-08 10:36:37
83,https://media.example.com/v/347,2026-04-08 10:39:33
116,https://media.example.com/v/33,2026-04-08 10:41:42
69,https://media.example.com/v/598,2026-04-08 10:41:29
104,https://media.example.com/v/406,2026-04-08 10:37:32
66,https://media.example.com/v/306,2026-04-08 10:36:51
77,https://media.example.com/v/426,2026-04-08 10:40:10
35,https://media.example.com/v/552,2026-04-08 10:36:55
13,https://media.example.com/v/169,2026-04-08 10:37:35
74,https://media.example.com/v/20,2026-04-08 10:36:21
31,https://media.example.com/v/95,2026-04-08 10:36:51
128,https://media.example.com/v/85,2026-04-08 10:41:14
93,https://media.example.com/v/400,2026-04-08 10:41:26
145,https://media.example.com/v/213,2026-04-08 10:36:50
67,https://media.example.com/v/164,2026-04-08 10:39:49
1,https://media.example.com/v/416,2026-04-08 10:37:15
89,https://media.example.com/v/50,2026-04-08 10:41:05
81,https://media.example.com/v/231,2026-04-08 10:39:11
148,https://media.example.com/v/546,2026-04-08 10:37:09
57,https://media.example.com/v/357,2026-04-08 10:40:56
148,https://media.example.com/v/375,2026-04-08 10:39:23
25,https://media.example.com/v/545,2026-04-08 10:36:47
77,https://media.example.com/v/248,2026-04-08 10:36:19
17,https://media.example.com/v/589,2026-04-08 10:38:19
112,https://media.example.com/v/30,2026-04-08 10:36:20
74,https://media.example.com/v/520,2026-04-08 10:36:52
93,https://media.example.com/v/476,2026-04-08 10:38:26
41,https://media.example.com/v/307,2026-04-08 10:39:40
139,https://media.example.com/v/383,2026-04-08 10:40:24
130,https://media.example.com/v/434,2026-04-08 10:41:10
43,https://media.example.com/v/506,2026-04-08 10:40:16
7,https://media.example.com/v/67,2026-04-08 10:36:59
50,https://media.example.com/v/55,2026-04-08 10:39:50
87,https://media.example.com/v/143,2026-04-08 10:36:14
136,https://media.example.com/v/376,2026-04-08 10:41:45
99,https://media.example.com/v/584,2026-04-08 10:36:24
128,https://media.example.com/v/407,2026-04-08 10:40:20
20,https://media.example.com/v/200,2026-04-08 10:35:53
25,https://media.example.com/v/591,2026-04-08 10:40:41
113,https://media.example.com/v/186,2026-04-08 10:41:15
61,https://media.example.com/v/447,2026-04-08 10:36:50
124,https://media.example.com/v/255,2026-04-08 10:37:02
38,https://media.example.com/v/427,2026-04-08 10:40:48
101,https://media.example.com/v/543,2026-04-08 10:38:51
22,https://media.example.com/v/3,2026-04-08 10:35:47
133,https://media.example.com/v/145,2026-04-08 10:36:03
98,https://media.example.com/v/97,2026-04-08 10:37:46
85,https://media.example.com/v/48,2026-04-08 10:37:14
88,https://media.example.com/v/254,2026-04-08 10:39:25
6,https://media.example.com/v/19,2026-04-08 10:38:25
14,https://media.example.com/v/278,2026-04-08 10:37:44
4,https://media.example.com/v/564,2026-04-08 10:36:22
62,https://media.example.com/v/473,2026-04-08 10:37:25
9,https://media.example.com/v/338,2026-04-08 10:37:13
78,https://media.example.com/v/253,2026-04-08 10:39:49
101,https://media.example.com/v/558,2026-04-08 10:38:56
86,https://media.example.com/v/575,2026-04-08 10:41:33
88,https://media.example.com/v/479,2026-04-08 10:39:59
30,https://media.example.com/v/240,2026-04-08 10:41:38
145,https://media.example.com/v/306,2026-04-08 10:41:15
50,https://media.example.com/v/536,2026-04-08 10:39:22
37,https://media.example.com/v/391,2026-04-08 10:37:09
114,https://media.example.com/v/359,2026-04-08 10:36:11
41,https://media.example.com/v/259,2026-04-08 10:36:28
53,https://media.example.com/v/566,2026-04-08 10:39:03
110,https://media.example.com/v/103,2026-04-08 10:36:53
145,https://media.example.com/v/26,2026-04-08 10:39:57
70,https://media.example.com/v/23,2026-04-08 10:37:16
133,https://media.example.com/v/67,2026-04-08 10:39:15
76,https://media.example.com/v/91,2026-04-08 10:38:43
105,https://media.example.com/v/521,2026-04-08 10:36:25
98,https://media.example.com/v/475,2026-04-08 10:38:45
24,https://media.example.com/v/253,2026-04-08 10:37:35
20,https://media.example.com/v/583,2026-04-08 10:37:34
124,https://media.example.com/v/7,2026-04-08 10:36:08
18,https://media.example.com/v/87,2026-04-08 10:39:00
134,https://media.example.com/v/437,2026-04-08 10:41:44
148,https://media.example.com/v/441,2026-04-08 10:36:14
95,https://media.example.com/v/188,2026-04-08 10:41:17
32,https://media.example.com/v/164,2026-04-08 10:36:59
125,https://media.example.com/v/350,2026-04-08 10:38:38
113,https://media.example.com/v/14,2026-04-08 10:41:03
48,https://media.example.com/v/340,2026-04-08 10:40:06
112,https://media.example.com/v/316,2026-04-08 10:39:11
50,https://media.example.com/v/139,2026-04-08 10:40:57
19,https://media.example.com/v/169,2026-04-08 10:37:10
134,https://media.example.com/v/593,2026-04-08 10:38:55
26,https://media.example.com/v/190,2026-04-08 10:39:57
148,https://media.example.com/v/188,2026-04-08 10:40:13
99,https://media.example.com/v/508,2026-04-08 10:36:25
21,https://media.example.com/v/296,2026-04-08 10:37:51
123,https://media.example.com/v/248,2026-04-08 10:41:17
112,https://media.example.com/v/146,2026-04-08 10:39:46
126,https://media.example.com/v/281,2026-04-08 10:37:46
92,https://media.example.com/v/139,2026-04-08 10:37:20
86,https://media.example.com/v/593,2026-04-08 10:38:56
150,https://media.example.com/v/329,2026-04-08 10:39:40
21,https://media.example.com/v/218,2026-04-08 10:37:33
9,https://media.example.com/v/380,2026-04-08 10:40:45
45,https://media.example.com/v/136,2026-04-08 10:37:34
107,https://media.example.com/v/294,2026-04-08 10:37:54
142,https://media.example.com/v/600,2026-04-08 10:39:25
90,https://media.example.com/v/543,2026-04-08 10:40:55
48,https://media.example.com/v/209,2026-04-08 10:36:43
101,https://media.example.com/v/194,2026-04-08 10:38:05
15,https://media.example.com/v/116,2026-04-08 10:39:39
98,https://media.example.com/v/488,2026-04-08 10:36:02
72,https://media.example.com/v/299,2026-04-08 10:39:26
150,https://media.example.com/v/454,2026-04-08 10:41:18
34,https://media.example.com/v/411,2026-04-08 10:37:18
65,https://media.example.com/v/174,2026-04-08 10:40:03
43,https://media.example.com/v/420,2026-04-08 10:38:52
43,https://media.example.com/v/221,2026-04-08 10:38:46
97,https://media.example.com/v/21,2026-04-08 10:41:44
131,https://media.example.com/v/18,2026-04-08 10:40:15
29,https://media.example.com/v/128,2026-04-08 10:40:24
69,https://media.example.com/v/240,2026-04-08 10:38:45
69,https://media.example.com/v/159,2026-04-08 10:38:04
122,https://media.example.com/v/316,2026-04-08 10:41:31
69,https://media.example.com/v/522,2026-04-08 10:37:33
113,https://media.example.com/v/468,2026-04-08 10:37:06
48,https://media.example.com/v/416,2026-04-08 10:36:55
112,https://media.example.com/v/153,2026-04-08 10:38:35
31,https://media.example.com/v/215,2026-04-08 10:39:32
30,https://media.example.com/v/557,2026-04-08 10:36:21
30,https://media.example.com/v/549,2026-04-08 10:39:21
134,https://media.example.com/v/454,2026-04-08 10:37:05
20,https://media.example.com/v/257,2026-04-08 10:39:27
67,https://media.example.com/v/220,2026-04-08 10:37:17
36,https://media.example.com/v/501,2026-04-08 10:39:53
90,https://media.example.com/v/470,2026-04-08 10:41:28
15,https://media.example.com/v/45,2026-04-08 10:39:06
145,https://media.example.com/v/162,2026-04-08 10:38:11
148,https://media.example.com/v/338,2026-04-08 10:37:26
45,https://media.example.com/v/596,2026-04-08 10:40:28
37,https://media.example.com/v/231,2026-04-08 10:36:23
133,https://media.example.com/v/293,2026-04-08 10:37:43
117,https://media.example.com/v/411,2026-04-08 10:40:01
101,https://media.example.com/v/494,2026-04-08 10:38:55
67,https://media.example.com/v/4,2026-04-08 10:40:29
75,https://media.example.com/v/7,2026-04-08 10:40:58
147,https://media.example.com/v/303,2026-04-08 10:37:30
17,https://media.example.com/v/339,2026-04-08 10:39:59
1,https://media.example.com/v/446,2026-04-08 10:36:21
49,https://media.example.com/v/122,2026-04-08 10:41:03
9,https://media.example.com/v/54,2026-04-08 10:39:11
84,https://media.example.com/v/329,2026-04-08 10:37:24
80,https://media.example.com/v/504,2026-04-08 10:40:35
66,https://media.example.com/v/413,2026-04-08 10:40:36
133,https://media.example.com/v/83,2026-04-08 10:37:02
29,https://media.example.com/v/411,2026-04-08 10:37:22
16,https://media.example.com/v/546,2026-04-08 10:38:01
129,https://media.example.com/v/144,2026-04-08 10:40:49
100,https://media.example.com/v/444,2026-04-08 10:36:35
149,https://media.example.com/v/79,2026-04-08 10:37:12
55,https://media.example.com/v/307,2026-04-08 10:36:02
78,https://media.example.com/v/523,2026-04-08 10:41:06
33,https://media.example.com/v/387,2026-04-08 10:36:19
93,https://media.example.com/v/183,2026-04-08 10:36:50
98,https://media.example.com/v/158,2026-04-08 10:35:55
83,https://media.example.com/v/500,2026-04-08 10:39:58
23,https://media.example.com/v/334,2026-04-08 10:38:34
150,https://media.example.com/v/55,2026-04-08 10:40:59
144,https://media.example.com/v/113,2026-04-08 10:37:53
79,https://media.example.com/v/224,2026-04-08 10:39:53
27,https://media.example.com/v/239,2026-04-08 10:41:27
115,https://media.example.com/v/239,2026-04-08 10:37:16
142,https://media.example.com/v/110,2026-04-08 10:39:01
80,https://media.example.com/v/480,2026-04-08 10:37:18
147,https://media.example.com/v/189,2026-04-08 10:36:30
11,https://media.example.com/v/554,2026-04-08 10:39:28
104,https://media.example.com/v/562,2026-04-08 10:39:19
109,https://media.example.com/v/136,2026-04-08 10:39:57
59,https://media.example.com/v/409,2026-04-08 10:38:44
121,https://media.example.com/v/113,2026-04-08 10:37:33
97,https://media.example.com/v/400,2026-04-08 10:41:10
76,https://media.example.com/v/11,2026-04-08 10:36:45
52,https://media.example.com/v/13,2026-04-08 10:38:51
108,https://media.example.com/v/295,2026-04-08 10:39:01
41,https://media.example.com/v/312,2026-04-08 10:41:20
138,https://media.example.com/v/272,2026-04-08 10:39:15
91,https://media.example.com/v/81,2026-04-08 10:41:16
55,https://media.example.com/v/510,2026-04-08 10:40:49
121,https://media.example.com/v/461,2026-04-08 10:35:56
94,https://media.example.com/v/407,2026-04-08 10:40:44
14,https://media.example.com/v/248,2026-04-08 10:37:07
103,https://media.example.com/v/266,2026-04-08 10:40:18
13,https://media.example.com/v/135,2026-04-08 10:35:49
146,https://media.example.com/v/218,2026-04-08 10:41:33
81,https://media.example.com/v/116,2026-04-08 10:36:25
48,https://media.example.com/v/412,2026-04-08 10:41:30
6,https://media.example.com/v/493,2026-04-08 10:36:31
9,https://media.example.com/v/191,2026-04-08 10:40:35
2,https://media.example.com/v/530,2026-04-08 10:41:02
45,https://media.example.com/v/251,2026-04-08 10:39:15
104,https://media.example.com/v/355,2026-04-08 10:39:43
138,https://media.example.com/v/539,2026-04-08 10:38:01
41,https://media.example.com/v/362,2026-04-08 10:36:31
29,https://media.example.com/v/213,2026-04-08 10:35:57
138,https://media.example.com/v/352,2026-04-08 10:38:25
60,https://media.example.com/v/580,2026-04-08 10:41:02
109,https://media.example.com/v/226,2026-04-08 10:37:32
10,https://media.example.com/v/214,2026-04-08 10:38:32
117,https://media.example.com/v/137,2026-04-08 10:40:11
138,https://media.example.com/v/394,2026-04-08 10:37:48
84,https://media.example.com/v/18,2026-04-08 10:40:06
48,https://media.example.com/v/18,2026-04-08 10:40:55
98,https://media.example.com/v/220,2026-04-08 10:37:56
117,https://media.example.com/v/130,2026-04-08 10:40:26
18,https://media.example.com/v/135,2026-04-08 10:40:30
91,https://media.example.com/v/595,2026-04-08 10:40:58
50,https://media.example.com/v/190,2026-04-08 10:35:51
133,https://media.example.com/v/477,2026-04-08 10:41:04
27,https://media.example.com/v/147,2026-04-08 10:38:46
37,https://media.example.com/v/305,2026-04-08 10:41:10
91,https://media.example.com/v/339,2026-04-08 10:39:46
149,https://media.example.com/v/538,2026-04-08 10:38:43
81,https://media.example.com/v/397,2026-04-08 10:37:13
45,https://media.example.com/v/144,2026-04-08 10:37:48
22,https://media.example.com/v/344,2026-04-08 10:40:53
58,https://media.example.com/v/357,2026-04-08 10:37:27
18,https://media.example.com/v/335,2026-04-08 10:40:30
12,https://media.example.com/v/406,2026-04-08 10:38:24
63,https://media.example.com/v/57,2026-04-08 10:35:59
3,https://media.example.com/v/6,2026-04-08 10:41:09
126,https://media.example.com/v/554,2026-04-08 10:38:00
101,https://media.example.com/v/23,2026-04-08 10:41:02
123,https://media.example.com/v/124,2026-04-08 10:39:23
52,https://media.example.com/v/3,2026-04-08 10:39:54
68,https://media.example.com/v/385,2026-04-08 10:38:17
81,https://media.example.com/v/369,2026-04-08 10:38:58
1,https://media.example.com/v/283,2026-04-08 10:36:24
99,https://media.example.com/v/259,2026-04-08 10:35:46
3,https://media.example.com/v/7,2026-04-08 10:40:43
29,https://media.example.com/v/381,2026-04-08 10:40:49
40,https://media.example.com/v/143,2026-04-08 10:39:17
64,https://media.example.com/v/348,2026-04-08 10:39:27
122,https://media.example.com/v/401,2026-04-08 10:40:50
19,https://media.example.com/v/112,2026-04-08 10:39:26
22,https://media.example.com/v/511,2026-04-08 10:37:18
37,https://media.example.com/v/334,2026-04-08 10:38:24
103,https://media.example.com/v/368,2026-04-08 10:37:31
82,https://media.example.com/v/583,2026-04-08 10:36:05
135,https://media.example.com/v/48,2026-04-08 10:36:57
20,https://media.example.com/v/382,2026-04-08 10:39:09
149,https://media.example.com/v/291,2026-04-08 10:38:54
77,https://media.example.com/v/443,2026-04-08 10:37:02
40,https://media.example.com/v/318,2026-04-08 10:40:46
85,https://media.example.com/v/95,2026-04-08 10:40:03
43,https://media.example.com/v/549,2026-04-08 10:36:33
4,https://media.example.com/v/478,2026-04-08 10:39:25
78,https://media.example.com/v/141,2026-04-08 10:39:33
94,https://media.example.com/v/79,2026-04-08 10:37:46
70,https://media.example.com/v/129,2026-04-08 10:40:09
109,https://media.example.com/v/78,2026-04-08 10:37:50
127,https://media.example.com/v/558,2026-04-08 10:37:02
114,https://media.example.com/v/294,2026-04-08 10:38:42
57,https://media.example.com/v/428,2026-04-08 10:39:38
73,https://media.example.com/v/252,2026-04-08 10:37:36
135,https://media.example.com/v/508,2026-04-08 10:37:00
37,https://media.example.com/v/132,2026-04-08 10:36:49
128,https://media.example.com/v/177,2026-04-08 10:40:22
134,https://media.example.com/v/333,2026-04-08 10:38:05
68,https://media.example.com/v/503,2026-04-08 10:36:39
19,https://media.example.com/v/452,2026-04-08 10:38:38
110,https://media.example.com/v/488,2026-04-08 10:37:48
77,https://media.example.com/v/106,2026-04-08 10:38:21
137,https://media.example.com/v/586,2026-04-08 10:39:04
134,https://media.example.com/v/595,2026-04-08 10:41:39
6,https://media.example.com/v/436,2026-04-08 10:39:14
117,https://media.example.com/v/346,2026-04-08 10:41:46
80,https://media.example.com/v/600,2026-04-08 10:41:11
58,https://media.example.com/v/499,2026-04-08 10:36:27
23,https://media.example.com/v/380,2026-04-08 10:38:51
23,https://media.example.com/v/392,2026-04-08 10:35:50
129,https://media.example.com/v/288,2026-04-08 10:40:18
30,https://media.example.com/v/118,2026-04-08 10:37:59
81,https://media.example.com/v/517,2026-04-08 10:35:55
53,https://media.example.com/v/419,2026-04-08 10:37:58
20,https://media.example.com/v/216,2026-04-08 10:36:17
106,https://media.example.com/v/486,2026-04-08 10:41:30
97,https://media.example.com/v/176,2026-04-08 10:40:34
14,https://media.example.com/v/496,2026-04-08 10:39:26
7,https://media.example.com/v/306,2026-04-08 10:40:12
4,https://media.example.com/v/465,2026-04-08 10:41:27
90,https://media.example.com/v/70,2026-04-08 10:35:48
136,https://media.example.com/v/432,2026-04-08 10:35:49
19,https://media.example.com/v/131,2026-04-08 10:37:31
105,https://media.example.com/v/225,2026-04-08 10:40:28
38,https://media.example.com/v/293,2026-04-08 10:38:26
13,https://media.example.com/v/228,2026-04-08 10:41:21
45,https://media.example.com/v/244,2026-04-08 10:38:32
5,https://media.example.com/v/595,2026-04-08 10:36:18
79,https://media.example.com/v/363,2026-04-08 10:37:28
106,https://media.example.com/v/125,2026-04-08 10:39:30
1,https://media.example.com/v/554,2026-04-08 10:37:05
103,https://media.example.com/v/283,2026-04-08 10:36:03
41,https://media.example.com/v/478,2026-04-08 10:39:41
24,https://media.example.com/v/181,2026-04-08 10:39:22
42,https://media.example.com/v/132,2026-04-08 10:38:41
96,https://media.example.com/v/79,2026-04-08 10:39:05
68,https://media.example.com/v/320,2026-04-08 10:36:53
127,https://media.example.com/v/271,2026-04-08 10:40:10
89,https://media.example.com/v/328,2026-04-08 10:39:21
147,https://media.example.com/v/67,2026-04-08 10:39:13
116,https://media.example.com/v/71,2026-04-08 10:38:37
57,https://media.example.com/v/202,2026-04-08 10:41:06
71,https://media.example.com/v/556,2026-04-08 10:41:29
103,https://media.example.com/v/196,2026-04-08 10:38:54
117,https://media.example.com/v/116,2026-04-08 10:39:39
145,https://media.example.com/v/172,2026-04-08 10:40:35
4,https://media.example.com/v/277,2026-04-08 10:37:36
4,https://media.example.com/v/284,2026-04-08 10:37:54
110,https://media.example.com/v/7,2026-04-08 10:40:26
112,https://media.example.com/v/377,2026-04-08 10:38:22
58,https://media.example.com/v/383,2026-04-08 10:40:52
75,https://media.example.com/v/473,2026-04-08 10:39:13
40,https://media.example.com/v/239,2026-04-08 10:40:50
122,https://media.example.com/v/503,2026-04-08 10:40:33
115,https://media.example.com/v/256,2026-04-08 10:41:34
10,https://media.example.com/v/67,2026-04-08 10:38:37
15,https://media.example.com/v/184,2026-04-08 10:41:25
98,https://media.example.com/v/146,2026-04-08 10:37:01
96,https://media.example.com/v/237,2026-04-08 10:41:26
58,https://media.example.com/v/145,2026-04-08 10:41:15
51,https://media.example.com/v/284,2026-04-08 10:40:53
95,https://media.example.com/v/302,2026-04-08 10:36:36
22,https://media.example.com/v/427,2026-04-08 10:36:57
58,https://media.example.com/v/8,2026-04-08 10:39:18
21,https://media.example.com/v/432,2026-04-08 10:36:12
79,https://media.example.com/v/62,2026-04-08 10:38:12
1,https://media.example.com/v/489,2026-04-08 10:40:42
130,https://media.example.com/v/10,2026-04-08 10:36:19
125,https://media.example.com/v/37,2026-04-08 10:39:40
8,https://media.example.com/v/364,2026-04-08 10:41:28
46,https://media.example.com/v/450,2026-04-08 10:38:11
108,https://media.example.com/v/21,2026-04-08 10:39:46
87,https://media.example.com/v/220,2026-04-08 10:41:08
67,https://media.example.com/v/205,2026-04-08 10:40:16
34,https://media.example.com/v/441,2026-04-08 10:37:56
149,https://media.example.com/v/228,2026-04-08 10:39:01
8,https://media.example.com/v/112,2026-04-08 10:41:12
141,https://media.example.com/v/353,2026-04-08 10:35:48
100,https://media.example.com/v/59,2026-04-08 10:40:44
34,https://media.example.com/v/578,2026-04-08 10:41:30
36,https://media.example.com/v/236,2026-04-08 10:38:44
78,https://media.example.com/v/33,2026-04-08 10:40:47
74,https://media.example.com/v/87,2026-04-08 10:38:20
24,https://media.example.com/v/364,2026-04-08 10:41:20
61,https://media.example.com/v/45,2026-04-08 10:36:09
134,https://media.example.com/v/231,2026-04-08 10:38:36
12,https://media.example.com/v/12,2026-04-08 10:38:38
95,https://media.example.com/v/537,2026-04-08 10:36:31
66,https://media.example.com/v/176,2026-04-08 10:40:48
108,https://media.example.com/v/464,2026-04-08 10:39:49
21,https://media.example.com/v/189,2026-04-08 10:37:04
80,https://media.example.com/v/515,2026-04-08 10:36:46
123,https://media.example.com/v/239,2026-04-08 10:36:57
59,https://media.example.com/v/52,2026-04-08 10:38:44
6,https://media.example.com/v/536,2026-04-08 10:36:18
52,https://media.example.com/v/125,2026-04-08 10:41:00
102,https://media.example.com/v/505,2026-04-08 10:37:16
24,https://media.example.com/v/400,2026-04-08 10:36:58
55,https://media.example.com/v/93,2026-04-08 10:39:43
17,https://media.example.com/v/206,2026-04-08 10:38:12
25,https://media.example.com/v/121,2026-04-08 10:38:32
85,https://media.example.com/v/570,2026-04-08 10:35:53
141,https://media.example.com/v/338,2026-04-08 10:41:29
29,https://media.example.com/v/404,2026-04-08 10:41:45
69,https://media.example.com/v/225,2026-04-08 10:35:52
66,https://media.example.com/v/111,2026-04-08 10:36:17
11,https://media.example.com/v/291,2026-04-08 10:37:02
101,https://media.example.com/v/337,2026-04-08 10:40:44
3,https://media.example.com/v/9,2026-04-08 10:40:21
146,https://media.example.com/v/65,2026-04-08 10:37:46
4,https://media.example.com/v/536,2026-04-08 10:37:30
45,https://media.example.com/v/400,2026-04-08 10:40:31
73,https://media.example.com/v/8,2026-04-08 10:36:51
94,https://media.example.com/v/366,2026-04-08 10:40:25
137,https://media.example.com/v/108,2026-04-08 10:37:32
129,https://media.example.com/v/126,2026-04-08 10:38:53
121,https://media.example.com/v/367,2026-04-08 10:40:21
84,https://media.example.com/v/594,2026-04-08 10:37:06
59,https://media.example.com/v/344,2026-04-08 10:39:54
131,https://media.example.com/v/183,2026-04-08 10:36:42
76,https://media.example.com/v/489,2026-04-08 10:36:18
66,https://media.example.com/v/476,2026-04-08 10:37:06
48,https://media.example.com/v/315,2026-04-08 10:41:45
81,https://media.example.com/v/359,2026-04-08 10:36:22
110,https://media.example.com/v/510,2026-04-08 10:39:37
45,https://media.example.com/v/141,2026-04-08 10:39:56
104,https://media.example.com/v/316,2026-04-08 10:36:57
84,https://media.example.com/v/496,2026-04-08 10:38:39
132,https://media.example.com/v/503,2026-04-08 10:40:00
19,https://media.example.com/v/584,2026-04-08 10:41:46
38,https://media.example.com/v/395,2026-04-08 10:39:17
19,https://media.example.com/v/430,2026-04-08 10:37:30
33,https://media.example.com/v/412,2026-04-08 10:36:47
89,https://media.example.com/v/103,2026-04-08 10:38:27
36,https://media.example.com/v/39,2026-04-08 10:40:21
134,https://media.example.com/v/532,2026-04-08 10:36:38
83,https://media.example.com/v/444,2026-04-08 10:41:34
97,https://media.example.com/v/103,2026-04-08 10:39:37
42,https://media.example.com/v/540,2026-04-08 10:37:07
37,https://media.example.com/v/142,2026-04-08 10:37:33
32,https://media.example.com/v/461,2026-04-08 10:39:53
127,https://media.example.com/v/561,2026-04-08 10:40:16
7,https://media.example.com/v/499,2026-04-08 10:40:09
80,https://media.example.com/v/87,2026-04-08 10:41:06
121,https://media.example.com/v/311,2026-04-08 10:36:36
44,https://media.example.com/v/174,2026-04-08 10:37:51
18,https://media.example.com/v/450,2026-04-08 10:37:50
128,https://media.example.com/v/450,2026-04-08 10:37:20
16,https://media.example.com/v/220,2026-04-08 10:41:11
68,https://media.example.com/v/257,2026-04-08 10:39:56
12,https://media.example.com/v/310,2026-04-08 10:36:57
73,https://media.example.com/v/51,2026-04-08 10:39:25
61,https://media.example.com/v/499,2026-04-08 10:37:49
145,https://media.example.com/v/96,2026-04-08 10:38:16
138,https://media.example.com/v/228,2026-04-08 10:36:23
132,https://media.example.com/v/237,2026-04-08 10:37:00
25,https://media.example.com/v/371,2026-04-08 10:40:53
15,https://media.example.com/v/363,2026-04-08 10:41:46
40,https://media.example.com/v/277,2026-04-08 10:39:25
29,https://media.example.com/v/496,2026-04-08 10:40:42
9,https://media.example.com/v/518,2026-04-08 10:35:49
72,https://media.example.com/v/510,2026-04-08 10:36:25
49,https://media.example.com/v/577,2026-04-08 10:37:07
37,https://media.example.com/v/582,2026-04-08 10:37:41
28,https://media.example.com/v/341,2026-04-08 10:40:02
150,https://media.example.com/v/321,2026-04-08 10:38:18
3,https://media.example.com/v/499,2026-04-08 10:35:56
27,https://media.example.com/v/300,2026-04-08 10:41:22
98,https://media.example.com/v/363,2026-04-08 10:40:50
114,https://media.example.com/v/78,2026-04-08 10:41:06
115,https://media.example.com/v/187,2026-04-08 10:37:21
92,https://media.example.com/v/19,2026-04-08 10:40:44
50,https://media.example.com/v/514,2026-04-08 10:37:26
62,https://media.example.com/v/412,2026-04-08 10:38:21
97,https://media.example.com/v/261,2026-04-08 10:36:09
118,https://media.example.com/v/389,2026-04-08 10:36:42
41,https://media.example.com/v/48,2026-04-08 10:36:10
7,https://media.example.com/v/80,2026-04-08 10:38:33
17,https://media.example.com/v/583,2026-04-08 10:40:06
31,https://media.example.com/v/390,2026-04-08 10:36:22
47,https://media.example.com/v/150,2026-04-08 10:40:43
70,https://media.example.com/v/215,2026-04-08 10:38:31
14,https://media.example.com/v/536,2026-04-08 10:41:25
64,https://media.example.com/v/558,2026-04-08 10:37:26
33,https://media.example.com/v/294,2026-04-08 10:41:36
56,https://media.example.com/v/11,2026-04-08 10:36:40
3,https://media.example.com/v/295,2026-04-08 10:36:51
102,https://media.example.com/v/385,2026-04-08 10:36:31
69,https://media.example.com/v/499,2026-04-08 10:37:20
87,https://media.example.com/v/306,2026-04-08 10:40:13
96,https://media.example.com/v/365,2026-04-08 10:38:41
53,https://media.example.com/v/593,2026-04-08 10:39:50
61,https://media.example.com/v/562,2026-04-08 10:37:46
22,https://media.example.com/v/536,2026-04-08 10:37:17
17,https://media.example.com/v/581,2026-04-08 10:37:37
128,https://media.example.com/v/452,2026-04-08 10:37:12
83,https://media.example.com/v/257,2026-04-08 10:41:24
150,https://media.example.com/v/213,2026-04-08 10:38:59
26,https://media.example.com/v/274,2026-04-08 10:35:53
43,https://media.example.com/v/183,2026-04-08 10:39:10
147,https://media.example.com/v/398,2026-04-08 10:36:52
67,https://media.example.com/v/255,2026-04-08 10:39:02
133,https://media.example.com/v/466,2026-04-08 10:39:30
62,https://media.example.com/v/446,2026-04-08 10:36:41
80,https://media.example.com/v/536,2026-04-08 10:38:17
96,https://media.example.com/v/77,2026-04-08 10:38:24
125,https://media.example.com/v/290,2026-04-08 10:36:36
85,https://media.example.com/v/114,2026-04-08 10:36:25
29,https://media.example.com/v/240,2026-04-08 10:35:56
67,https://media.example.com/v/301,2026-04-08 10:40:52
60,https://media.example.com/v/282,2026-04-08 10:36:25
65,https://media.example.com/v/147,2026-04-08 10:37:36
58,https://media.example.com/v/307,2026-04-08 10:36:12
74,https://media.example.com/v/493,2026-04-08 10:40:45
142,https://media.example.com/v/304,2026-04-08 10:35:50
76,https://media.example.com/v/495,2026-04-08 10:36:20
119,https://media.example.com/v/377,2026-04-08 10:40:05
64,https://media.example.com/v/112,2026-04-08 10:41:35
2,https://media.example.com/v/563,2026-04-08 10:38:00
121,https://media.example.com/v/27,2026-04-08 10:38:10
150,https://media.example.com/v/491,2026-04-08 10:41:13
143,https://media.example.com/v/121,2026-04-08 10:39:31
20,https://media.example.com/v/193,2026-04-08 10:40:59
39,https://media.example.com/v/270,2026-04-08 10:40:17
132,https://media.example.com/v/410,2026-04-08 10:35:50
84,https://media.example.com/v/498,2026-04-08 10:36:58
38,https://media.example.com/v/34,2026-04-08 10:39:23
100,https://media.example.com/v/571,2026-04-08 10:37:48
62,https://media.example.com/v/153,2026-04-08 10:40:21
123,https://media.example.com/v/455,2026-04-08 10:41:43
87,https://media.example.com/v/141,2026-04-08 10:38:23
23,https://media.example.com/v/73,2026-04-08 10:41:31
105,https://media.example.com/v/450,2026-04-08 10:37:05
129,https://media.example.com/v/519,2026-04-08 10:41:44
8,https://media.example.com/v/517,2026-04-08 10:40:10
64,https://media.example.com/v/332,2026-04-08 10:40:15
139,https://media.example.com/v/323,2026-04-08 10:38:01
140,https://media.example.com/v/297,2026-04-08 10:39:06
74,https://media.example.com/v/295,2026-04-08 10:40:08
37,https://media.example.com/v/154,2026-04-08 10:40:45
39,https://media.example.com/v/45,2026-04-08 10:41:29
125,https://media.example.com/v/277,2026-04-08 10:38:35
36,https://media.example.com/v/579,2026-04-08 10:40:06
88,https://media.example.com/v/103,2026-04-08 10:41:40
120,https://media.example.com/v/200,2026-04-08 10:40:55
46,https://media.example.com/v/585,2026-04-08 10:39:11
5,https://media.example.com/v/523,2026-04-08 10:39:15
87,https://media.example.com/v/389,2026-04-08 10:40:23
135,https://media.example.com/v/126,2026-04-08 10:37:30
71,https://media.example.com/v/30,2026-04-08 10:36:09
55,https://media.example.com/v/210,2026-04-08 10:38:06
41,https://media.example.com/v/594,2026-04-08 10:36:59
43,https://media.example.com/v/177,2026-04-08 10:39:23
79,https://media.example.com/v/228,2026-04-08 10:40:35
8,https://media.example.com/v/458,2026-04-08 10:38:04
128,https://media.example.com/v/404,2026-04-08 10:40:30
143,https://media.example.com/v/549,2026-04-08 10:37:10
17,https://media.example.com/v/34,2026-04-08 10:35:53
137,https://media.example.com/v/518,2026-04-08 10:37:43
87,https://media.example.com/v/194,2026-04-08 10:36:11
4,https://media.example.com/v/535,2026-04-08 10:37:55
120,https://media.example.com/v/18,2026-04-08 10:36:30
20,https://media.example.com/v/209,2026-04-08 10:41:21
85,https://media.example.com/v/40,2026-04-08 10:37:54
14,https://media.example.com/v/308,2026-04-08 10:40:38
37,https://media.example.com/v/18,2026-04-08 10:35:54
44,https://media.example.com/v/90,2026-04-08 10:35:50
54,https://media.example.com/v/247,2026-04-08 10:36:43
139,https://media.example.com/v/65,2026-04-08 10:38:06
116,https://media.example.com/v/477,2026-04-08 10:37:00
119,https://media.example.com/v/161,2026-04-08 10:40:57
17,https://media.example.com/v/36,2026-04-08 10:38:18
9,https://media.example.com/v/570,2026-04-08 10:35:56
77,https://media.example.com/v/482,2026-04-08 10:38:58
87,https://media.example.com/v/76,2026-04-08 10:38:07
145,https://media.example.com/v/448,2026-04-08 10:37:26
129,https://media.example.com/v/551,2026-04-08 10:40:16
74,https://media.example.com/v/9,2026-04-08 10:35:46
132,https://media.example.com/v/283,2026-04-08 10:38:21
89,https://media.example.com/v/232,2026-04-08 10:36:44
20,https://media.example.com/v/451,2026-04-08 10:36:38
132,https://media.example.com/v/318,2026-04-08 10:39:12
48,https://media.example.com/v/368,2026-04-08 10:37:06
43,https://media.example.com/v/82,2026-04-08 10:41:19
98,https://media.example.com/v/326,2026-04-08 10:38:28
129,https://media.example.com/v/532,2026-04-08 10:38:40
37,https://media.example.com/v/340,2026-04-08 10:41:15
135,https://media.example.com/v/152,2026-04-08 10:37:57
130,https://media.example.com/v/155,2026-04-08 10:39:12
80,https://media.example.com/v/24,2026-04-08 10:37:41
124,https://media.example.com/v/141,2026-04-08 10:40:44
53,https://media.example.com/v/482,2026-04-08 10:37:21
93,https://media.example.com/v/153,2026-04-08 10:38:49
34,https://media.example.com/v/167,2026-04-08 10:37:10
85,https://media.example.com/v/382,2026-04-08 10:39:08
67,https://media.example.com/v/467,2026-04-08 10:35:53
14,https://media.example.com/v/502,2026-04-08 10:37:00
47,https://media.example.com/v/336,2026-04-08 10:40:55
35,https://media.example.com/v/211,2026-04-08 10:37:24
38,https://media.example.com/v/27,2026-04-08 10:41:36
8,https://media.example.com/v/57,2026-04-08 10:39:43
140,https://media.example.com/v/304,2026-04-08 10:38:03
72,https://media.example.com/v/576,2026-04-08 10:36:26
30,https://media.example.com/v/273,2026-04-08 10:35:57
115,https://media.example.com/v/394,2026-04-08 10:36:40
139,https://media.example.com/v/113,2026-04-08 10:38:58
41,https://media.example.com/v/261,2026-04-08 10:38:30
71,https://media.example.com/v/140,2026-04-08 10:35:52
16,https://media.example.com/v/411,2026-04-08 10:38:33
11,https://media.example.com/v/191,2026-04-08 10:37:30
62,https://media.example.com/v/150,2026-04-08 10:41:32
100,https://media.example.com/v/275,2026-04-08 10:40:36
92,https://media.example.com/v/299,2026-04-08 10:39:54
55,https://media.example.com/v/499,2026-04-08 10:39:08
115,https://media.example.com/v/285,2026-04-08 10:37:50
131,https://media.example.com/v/523,2026-04-08 10:41:02
93,https://media.example.com/v/123,2026-04-08 10:35:53
145,https://media.example.com/v/559,2026-04-08 10:36:00
42,https://media.example.com/v/126,2026-04-08 10:37:32
91,https://media.example.com/v/436,2026-04-08 10:37:45
114,https://media.example.com/v/571,2026-04-08 10:39:17
73,https://media.example.com/v/225,2026-04-08 10:40:24
99,https://media.example.com/v/77,2026-04-08 10:36:11
2,https://media.example.com/v/501,2026-04-08 10:41:31
122,https://media.example.com/v/323,2026-04-08 10:41:35
33,https://media.example.com/v/3,2026-04-08 10:37:55
31,https://media.example.com/v/575,2026-04-08 10:38:09
52,https://media.example.com/v/506,2026-04-08 10:36:14
43,https://media.example.com/v/384,2026-04-08 10:37:52
107,https://media.example.com/v/236,2026-04-08 10:36:20
47,https://media.example.com/v/370,2026-04-08 10:39:00
134,https://media.example.com/v/453,2026-04-08 10:38:49
51,https://media.example.com/v/562,2026-04-08 10:40:53
69,https://media.example.com/v/194,2026-04-08 10:41:01
143,https://media.example.com/v/447,2026-04-08 10:37:45
139,https://media.example.com/v/136,2026-04-08 10:36:23
83,https://media.example.com/v/200,2026-04-08 10:39:29
70,https://media.example.com/v/396,2026-04-08 10:39:37
134,https://media.example.com/v/488,2026-04-08 10:39:49
44,https://media.example.com/v/426,2026-04-08 10:37:56
97,https://media.example.com/v/211,2026-04-08 10:41:20
140,https://media.example.com/v/94,2026-04-08 10:41:12
47,https://media.example.com/v/387,2026-04-08 10:39:11
58,https://media.example.com/v/389,2026-04-08 10:38:53
131,https://media.example.com/v/577,2026-04-08 10:37:48
125,https://media.example.com/v/547,2026-04-08 10:40:30
56,https://media.example.com/v/516,2026-04-08 10:41:40
28,https://media.example.com/v/94,2026-04-08 10:40:28
51,https://media.example.com/v/118,2026-04-08 10:38:40
144,https://media.example.com/v/341,2026-04-08 10:37:48
61,https://media.example.com/v/273,2026-04-08 10:37:10
141,https://media.example.com/v/526,2026-04-08 10:38:21
45,https://media.example.com/v/586,2026-04-08 10:37:19
8,https://media.example.com/v/367,2026-04-08 10:36:13
107,https://media.example.com/v/199,2026-04-08 10:36:39
87,https://media.example.com/v/25,2026-04-08 10:41:42
58,https://media.example.com/v/279,2026-04-08 10:38:31
54,https://media.example.com/v/398,2026-04-08 10:38:04
134,https://media.example.com/v/277,2026-04-08 10:40:23
108,https://media.example.com/v/428,2026-04-08 10:36:52
88,https://media.example.com/v/10,2026-04-08 10:40:53
85,https://media.example.com/v/170,2026-04-08 10:40:11
90,https://media.example.com/v/493,2026-04-08 10:36:13
99,https://media.example.com/v/197,2026-04-08 10:41:31
126,https://media.example.com/v/338,2026-04-08 10:36:16
78,https://media.example.com/v/351,2026-04-08 10:41:14
122,https://media.example.com/v/143,2026-04-08 10:40:23
82,https://media.example.com/v/86,2026-04-08 10:41:02
116,https://media.example.com/v/363,2026-04-08 10:38:45
31,https://media.example.com/v/169,2026-04-08 10:37:22
58,https://media.example.com/v/566,2026-04-08 10:37:25
45,https://media.example.com/v/570,2026-04-08 10:38:03
46,https://media.example.com/v/226,2026-04-08 10:39:15
37,https://media.example.com/v/204,2026-04-08 10:36:18
2,https://media.example.com/v/74,2026-04-08 10:38:21
77,https://media.example.com/v/18,2026-04-08 10:38:10
29,https://media.example.com/v/472,2026-04-08 10:37:37
16,https://media.example.com/v/62,2026-04-08 10:37:39
35,https://media.example.com/v/309,2026-04-08 10:39:21
118,https://media.example.com/v/205,2026-04-08 10:36:40
86,https://media.example.com/v/274,2026-04-08 10:39:32
15,https://media.example.com/v/433,2026-04-08 10:36:35
107,https://media.example.com/v/550,2026-04-08 10:36:04
6,https://media.example.com/v/302,2026-04-08 10:37:59
137,https://media.example.com/v/599,2026-04-08 10:39:50
133,https://media.example.com/v/266,2026-04-08 10:36:47
146,https://media.example.com/v/374,2026-04-08 10:37:30
141,https://media.example.com/v/195,2026-04-08 10:36:30
142,https://media.example.com/v/580,2026-04-08 10:39:23
6,https://media.example.com/v/577,2026-04-08 10:40:36
146,https://media.example.com/v/503,2026-04-08 10:40:17
123,https://media.example.com/v/159,2026-04-08 10:40:33
111,https://media.example.com/v/221,2026-04-08 10:40:12
123,https://media.example.com/v/583,2026-04-08 10:36:43
113,https://media.example.com/v/94,2026-04-08 10:39:18
118,https://media.example.com/v/125,2026-04-08 10:39:54
109,https://media.example.com/v/551,2026-04-08 10:40:52
96,https://media.example.com/v/373,2026-04-08 10:36:42
66,https://media.example.com/v/253,2026-04-08 10:41:23
108,https://media.example.com/v/7,2026-04-08 10:36:00
8,https://media.example.com/v/306,2026-04-08 10:37:59
111,https://media.example.com/v/135,2026-04-08 10:41:07
19,https://media.example.com/v/36,2026-04-08 10:40:35
67,https://media.example.com/v/79,2026-04-08 10:40:40
133,https://media.example.com/v/4,2026-04-08 10:41:16
105,https://media.example.com/v/458,2026-04-08 10:40:14
135,https://media.example.com/v/330,2026-04-08 10:38:03
118,https://media.example.com/v/519,2026-04-08 10:40:08
74,https://media.example.com/v/318,2026-04-08 10:38:28
75,https://media.example.com/v/584,2026-04-08 10:40:22
64,https://media.example.com/v/285,2026-04-08 10:41:40
20,https://media.example.com/v/75,2026-04-08 10:41:17
107,https://media.example.com/v/515,2026-04-08 10:39:43
121,https://media.example.com/v/534,2026-04-08 10:36:57
137,https://media.example.com/v/275,2026-04-08 10:37:31
58,https://media.example.com/v/597,2026-04-08 10:41:21
20,https://media.example.com/v/174,2026-04-08 10:35:53
111,https://media.example.com/v/102,2026-04-08 10:38:33
118,https://media.example.com/v/559,2026-04-08 10:38:35
43,https://media.example.com/v/241,2026-04-08 10:41:07
5,https://media.example.com/v/84,2026-04-08 10:37:32
149,https://media.example.com/v/390,2026-04-08 10:37:08
145,https://media.example.com/v/27,2026-04-08 10:35:49
105,https://media.example.com/v/384,2026-04-08 10:41:28
70,https://media.example.com/v/70,2026-04-08 10:38:05
59,https://media.example.com/v/179,2026-04-08 10:41:11
150,https://media.example.com/v/489,2026-04-08 10:41:39
16,https://media.example.com/v/500,2026-04-08 10:37:45
54,https://media.example.com/v/485,2026-04-08 10:36:25
63,https://media.example.com/v/228,2026-04-08 10:41:29
130,https://media.example.com/v/452,2026-04-08 10:41:03
1,https://media.example.com/v/529,2026-04-08 10:40:11
149,https://media.example.com/v/96,2026-04-08 10:38:26
61,https://media.example.com/v/399,2026-04-08 10:37:02
98,https://media.example.com/v/227,2026-04-08 10:38:12
38,https://media.example.com/v/558,2026-04-08 10:40:04
126,https://media.example.com/v/557,2026-04-08 10:38:30
95,https://media.example.com/v/106,2026-04-08 10:41:26
63,https://media.example.com/v/113,2026-04-08 10:37:21
47,https://media.example.com/v/56,2026-04-08 10:37:56
79,https://media.example.com/v/356,2026-04-08 10:37:20
103,https://media.example.com/v/164,2026-04-08 10:39:25
89,https://media.example.com/v/222,2026-04-08 10:38:47
77,https://media.example.com/v/359,2026-04-08 10:38:28
71,https://media.example.com/v/26,2026-04-08 10:38:18
42,https://media.example.com/v/313,2026-04-08 10:41:42
22,https://media.example.com/v/539,2026-04-08 10:40:52
118,https://media.example.com/v/2,2026-04-08 10:40:31
88,https://media.example.com/v/316,2026-04-08 10:40:37
70,https://media.example.com/v/149,2026-04-08 10:39:15
110,https://media.example.com/v/458,2026-04-08 10:40:49
49,https://media.example.com/v/463,2026-04-08 10:37:00
116,https://media.example.com/v/349,2026-04-08 10:36:27
20,https://media.example.com/v/516,2026-04-08 10:37:14
7,https://media.example.com/v/219,2026-04-08 10:41:19
76,https://media.example.com/v/375,2026-04-08 10:40:05
104,https://media.example.com/v/354,2026-04-08 10:36:54
4,https://media.example.com/v/189,2026-04-08 10:41:38
111,https://media.example.com/v/50,2026-04-08 10:38:09
88,https://media.example.com/v/534,2026-04-08 10:40:41
5,https://media.example.com/v/172,2026-04-08 10:37:01
59,https://media.example.com/v/433,2026-04-08 10:38:06
146,https://media.example.com/v/592,2026-04-08 10:39:36
30,https://media.example.com/v/229,2026-04-08 10:40:21
47,https://media.example.com/v/107,2026-04-08 10:39:55
14,https://media.example.com/v/287,2026-04-08 10:39:24
128,https://media.example.com/v/480,2026-04-08 10:41:13
5,https://media.example.com/v/35,2026-04-08 10:38:00
138,https://media.example.com/v/294,2026-04-08 10:41:38
116,https://media.example.com/v/354,2026-04-08 10:39:32
123,https://media.example.com/v/280,2026-04-08 10:37:39
132,https://media.example.com/v/193,2026-04-08 10:41:14
98,https://media.example.com/v/236,2026-04-08 10:37:43
79,https://media.example.com/v/352,2026-04-08 10:40:31
36,https://media.example.com/v/534,2026-04-08 10:39:18
123,https://media.example.com/v/503,2026-04-08 10:36:09
39,https://media.example.com/v/361,2026-04-08 10:39:16
146,https://media.example.com/v/525,2026-04-08 10:37:05
43,https://media.example.com/v/339,2026-04-08 10:37:27
102,https://media.example.com/v/121,2026-04-08 10:36:21
125,https://media.example.com/v/549,2026-04-08 10:39:33
107,https://media.example.com/v/313,2026-04-08 10:41:40
126,https://media.example.com/v/405,2026-04-08 10:41:20
86,https://media.example.com/v/137,2026-04-08 10:36:02
30,https://media.example.com/v/489,2026-04-08 10:38:23
65,https://media.example.com/v/118,2026-04-08 10:38:52
93,https://media.example.com/v/448,2026-04-08 10:38:12
7,https://media.example.com/v/183,2026-04-08 10:38:30
132,https://media.example.com/v/92,2026-04-08 10:39:20
86,https://media.example.com/v/498,2026-04-08 10:40:48
83,https://media.example.com/v/511,2026-04-08 10:37:40
111,https://media.example.com/v/427,2026-04-08 10:39:40
131,https://media.example.com/v/432,2026-04-08 10:37:05
50,https://media.example.com/v/433,2026-04-08 10:41:01
142,https://media.example.com/v/128,2026-04-08 10:36:10
65,https://media.example.com/v/89,2026-04-08 10:39:21
4,https://media.example.com/v/268,2026-04-08 10:40:34
140,https://media.example.com/v/462,2026-04-08 10:39:33
57,https://media.example.com/v/59,2026-04-08 10:39:27
94,https://media.example.com/v/353,2026-04-08 10:41:30
145,https://media.example.com/v/311,2026-04-08 10:36:32
83,https://media.example.com/v/293,2026-04-08 10:36:06
102,https://media.example.com/v/364,2026-04-08 10:38:06
58,https://media.example.com/v/29,2026-04-08 10:41:46
145,https://media.example.com/v/325,2026-04-08 10:36:54
116,https://media.example.com/v/391,2026-04-08 10:36:34
5,https://media.example.com/v/358,2026-04-08 10:40:57
35,https://media.example.com/v/573,2026-04-08 10:39:08
95,https://media.example.com/v/261,2026-04-08 10:36:54
37,https://media.example.com/v/542,2026-04-08 10:36:38
58,https://media.example.com/v/282,2026-04-08 10:38:20
49,https://media.example.com/v/333,2026-04-08 10:40:58
22,https://media.example.com/v/585,2026-04-08 10:38:21
10,https://media.example.com/v/482,2026-04-08 10:39:49
124,https://media.example.com/v/17,2026-04-08 10:36:06
144,https://media.example.com/v/171,2026-04-08 10:41:24
29,https://media.example.com/v/197,2026-04-08 10:40:11
17,https://media.example.com/v/156,2026-04-08 10:36:58
104,https://media.example.com/v/391,2026-04-08 10:40:05
51,https://media.example.com/v/484,2026-04-08 10:41:26
85,https://media.example.com/v/324,2026-04-08 10:41:37
149,https://media.example.com/v/376,2026-04-08 10:38:32
108,https://media.example.com/v/344,2026-04-08 10:41:36
145,https://media.example.com/v/227,2026-04-08 10:37:18
68,https://media.example.com/v/360,2026-04-08 10:40:19
5,https://media.example.com/v/323,2026-04-08 10:37:01
113,https://media.example.com/v/437,2026-04-08 10:36:55
137,https://media.example.com/v/367,2026-04-08 10:36:21
136,https://media.example.com/v/275,2026-04-08 10:38:58
79,https://media.example.com/v/414,2026-04-08 10:39:07
64,https://media.example.com/v/337,2026-04-08 10:37:33
51,https://media.example.com/v/214,2026-04-08 10:36:02
93,https://media.example.com/v/301,2026-04-08 10:40:44
108,https://media.example.com/v/368,2026-04-08 10:39:13
60,https://media.example.com/v/254,2026-04-08 10:38:55
40,https://media.example.com/v/275,2026-04-08 10:37:07
105,https://media.example.com/v/80,2026-04-08 10:37:04
37,https://media.example.com/v/210,2026-04-08 10:37:47
135,https://media.example.com/v/345,2026-04-08 10:35:53
72,https://media.example.com/v/96,2026-04-08 10:40:27
67,https://media.example.com/v/347,2026-04-08 10:38:14
55,https://media.example.com/v/321,2026-04-08 10:36:52
78,https://media.example.com/v/281,2026-04-08 10:39:57
97,https://media.example.com/v/315,2026-04-08 10:40:30
85,https://media.example.com/v/307,2026-04-08 10:39:55
84,https://media.example.com/v/374,2026-04-08 10:36:32
101,https://media.example.com/v/116,2026-04-08 10:37:07
51,https://media.example.com/v/286,2026-04-08 10:41:16
36,https://media.example.com/v/12,2026-04-08 10:35:56
8,https://media.example.com/v/498,2026-04-08 10:35:50
131,https://media.example.com/v/342,2026-04-08 10:36:42
42,https://media.example.com/v/365,2026-04-08 10:41:35
26,https://media.example.com/v/14,2026-04-08 10:40:46
148,https://media.example.com/v/404,2026-04-08 10:35:59
62,https://media.example.com/v/17,2026-04-08 10:39:26
83,https://media.example.com/v/281,2026-04-08 10:37:55
81,https://media.example.com/v/355,2026-04-08 10:41:33
126,https://media.example.com/v/179,2026-04-08 10:41:36
8,https://media.example.com/v/74,2026-04-08 10:37:52
86,https://media.example.com/v/453,2026-04-08 10:41:04
64,https://media.example.com/v/388,2026-04-08 10:36:31
127,https://media.example.com/v/17,2026-04-08 10:39:48
13,https://media.example.com/v/62,2026-04-08 10:39:57
86,https://media.example.com/v/122,2026-04-08 10:38:52
105,https://media.example.com/v/441,2026-04-08 10:39:54
100,https://media.example.com/v/252,2026-04-08 10:40:47
122,https://media.example.com/v/142,2026-04-08 10:38:10
148,https://media.example.com/v/397,2026-04-08 10:39:47
66,https://media.example.com/v/561,2026-04-08 10:39:59
17,https://media.example.com/v/491,2026-04-08 10:36:10
121,https://media.example.com/v/263,2026-04-08 10:39:29
75,https://media.example.com/v/342,2026-04-08 10:38:47
134,https://media.example.com/v/546,2026-04-08 10:41:33
11,https://media.example.com/v/409,2026-04-08 10:37:46
65,https://media.example.com/v/48,2026-04-08 10:38:49
98,https://media.example.com/v/406,2026-04-08 10:38:53
1,https://media.example.com/v/252,2026-04-08 10:39:22
142,https://media.example.com/v/209,2026-04-08 10:38:18
29,https://media.example.com/v/155,2026-04-08 10:38:44
130,https://media.example.com/v/183,2026-04-08 10:41:46
24,https://media.example.com/v/523,2026-04-08 10:36:40
81,https://media.example.com/v/495,2026-04-08 10:39:03
106,https://media.example.com/v/548,2026-04-08 10:38:19
12,https://media.example.com/v/39,2026-04-08 10:39:29
97,https://media.example.com/v/479,2026-04-08 10:36:09
98,https://media.example.com/v/251,2026-04-08 10:38:28
36,https://media.example.com/v/375,2026-04-08 10:38:03
90,https://media.example.com/v/368,2026-04-08 10:41:05
144,https://media.example.com/v/200,2026-04-08 10:37:19
77,https://media.example.com/v/406,2026-04-08 10:35:55
65,https://media.example.com/v/180,2026-04-08 10:38:12
97,https://media.example.com/v/168,2026-04-08 10:41:40
53,https://media.example.com/v/577,2026-04-08 10:39:30
74,https://media.example.com/v/496,2026-04-08 10:38:53
92,https://media.example.com/v/7,2026-04-08 10:41:04
136,https://media.example.com/v/81,2026-04-08 10:36:13
67,https://media.example.com/v/135,2026-04-08 10:41:28
58,https://media.example.com/v/223,2026-04-08 10:39:01
63,https://media.example.com/v/168,2026-04-08 10:40:22
128,https://media.example.com/v/391,2026-04-08 10:38:01
83,https://media.example.com/v/481,2026-04-08 10:39:04
66,https://media.example.com/v/595,2026-04-08 10:36:23
34,https://media.example.com/v/352,2026-04-08 10:36:58
104,https://media.example.com/v/156,2026-04-08 10:40:29
150,https://media.example.com/v/292,2026-04-08 10:39:54
71,https://media.example.com/v/407,2026-04-08 10:40:05
116,https://media.example.com/v/294,2026-04-08 10:40:24
127,https://media.example.com/v/122,2026-04-08 10:36:10
145,https://media.example.com/v/397,2026-04-08 10:36:24
130,https://media.example.com/v/279,2026-04-08 10:36:02
144,https://media.example.com/v/480,2026-04-08 10:38:49
99,https://media.example.com/v/12,2026-04-08 10:41:19
41,https://media.example.com/v/397,2026-04-08 10:39:09
15,https://media.example.com/v/201,2026-04-08 10:38:55
57,https://media.example.com/v/190,2026-04-08 10:41:19
22,https://media.example.com/v/240,2026-04-08 10:40:43
144,https://media.example.com/v/498,2026-04-08 10:38:39
76,https://media.example.com/v/433,2026-04-08 10:41:20
20,https://media.example.com/v/350,2026-04-08 10:40:29
40,https://media.example.com/v/503,2026-04-08 10:39:52
96,https://media.example.com/v/538,2026-04-08 10:35:48
32,https://media.example.com/v/503,2026-04-08 10:39:28
99,https://media.example.com/v/106,2026-04-08 10:40:21
86,https://media.example.com/v/185,2026-04-08 10:39:08
20,https://media.example.com/v/115,2026-04-08 10:40:18
127,https://media.example.com/v/49,2026-04-08 10:37:23
121,https://media.example.com/v/116,2026-04-08 10:36:30
147,https://media.example.com/v/52,2026-04-08 10:41:10
57,https://media.example.com/v/309,2026-04-08 10:39:14
33,https://media.example.com/v/13,2026-04-08 10:36:14
86,https://media.example.com/v/253,2026-04-08 10:38:14
12,https://media.example.com/v/114,2026-04-08 10:41:06
36,https://media.example.com/v/552,2026-04-08 10:40:48
24,https://media.example.com/v/317,2026-04-08 10:41:12
5,https://media.example.com/v/550,2026-04-08 10:41:29
135,https://media.example.com/v/278,2026-04-08 10:39:20
7,https://media.example.com/v/118,2026-04-08 10:40:49
103,https://media.example.com/v/7,2026-04-08 10:35:54
89,https://media.example.com/v/89,2026-04-08 10:36:09
145,https://media.example.com/v/29,2026-04-08 10:39:10
56,https://media.example.com/v/75,2026-04-08 10:39:53
106,https://media.example.com/v/190,2026-04-08 10:41:41
1,https://media.example.com/v/577,2026-04-08 10:39:51
132,https://media.example.com/v/81,2026-04-08 10:37:58
75,https://media.example.com/v/417,2026-04-08 10:37:38
58,https://media.example.com/v/437,2026-04-08 10:36:50
36,https://media.example.com/v/162,2026-04-08 10:39:58
16,https://media.example.com/v/351,2026-04-08 10:38:21
45,https://media.example.com/v/595,2026-04-08 10:41:05
80,https://media.example.com/v/302,2026-04-08 10:41:25
100,https://media.example.com/v/53,2026-04-08 10:41:19
90,https://media.example.com/v/28,2026-04-08 10:40:56
79,https://media.example.com/v/40,2026-04-08 10:37:43
1,https://media.example.com/v/361,2026-04-08 10:38:54
29,https://media.example.com/v/165,2026-04-08 10:40:37
54,https://media.example.com/v/284,2026-04-08 10:39:33
28,https://media.example.com/v/192,2026-04-08 10:38:32
41,https://media.example.com/v/165,2026-04-08 10:37:06
60,https://media.example.com/v/217,2026-04-08 10:36:46
57,https://media.example.com/v/590,2026-04-08 10:36:36
75,https://media.example.com/v/209,2026-04-08 10:38:56
5,https://media.example.com/v/105,2026-04-08 10:40:08
34,https://media.example.com/v/567,2026-04-08 10:41:08
95,https://media.example.com/v/13,2026-04-08 10:37:14
101,https://media.example.com/v/312,2026-04-08 10:38:34
122,https://media.example.com/v/389,2026-04-08 10:40:08
84,https://media.example.com/v/546,2026-04-08 10:37:27
123,https://media.example.com/v/481,2026-04-08 10:39:39
59,https://media.example.com/v/81,2026-04-08 10:37:37
14,https://media.example.com/v/178,2026-04-08 10:40:01
69,https://media.example.com/v/326,2026-04-08 10:37:43
131,https://media.example.com/v/61,2026-04-08 10:39:53
7,https://media.example.com/v/12,2026-04-08 10:41:04
114,https://media.example.com/v/30,2026-04-08 10:39:36
25,https://media.example.com/v/49,2026-04-08 10:37:40
74,https://media.example.com/v/43,2026-04-08 10:36:55
33,https://media.example.com/v/312,2026-04-08 10:36:48
64,https://media.example.com/v/502,2026-04-08 10:41:31
127,https://media.example.com/v/34,2026-04-08 10:36:58
109,https://media.example.com/v/88,2026-04-08 10:40:50
31,https://media.example.com/v/313,2026-04-08 10:41:09
3,https://media.example.com/v/75,2026-04-08 10:39:47
5,https://media.example.com/v/247,2026-04-08 10:36:19
114,https://media.example.com/v/516,2026-04-08 10:39:02
123,https://media.example.com/v/527,2026-04-08 10:37:07
71,https://media.example.com/v/160,2026-04-08 10:40:45
122,https://media.example.com/v/587,2026-04-08 10:36:31
140,https://media.example.com/v/456,2026-04-08 10:36:35
70,https://media.example.com/v/369,2026-04-08 10:39:26
91,https://media.example.com/v/293,2026-04-08 10:39:51
9,https://media.example.com/v/144,2026-04-08 10:38:54
56,https://media.example.com/v/522,2026-04-08 10:41:42
4,https://media.example.com/v/528,2026-04-08 10:37:34
57,https://media.example.com/v/314,2026-04-08 10:40:38
140,https://media.example.com/v/561,2026-04-08 10:38:06
102,https://media.example.com/v/205,2026-04-08 10:41:11
11,https://media.example.com/v/194,2026-04-08 10:36:31
53,https://media.example.com/v/303,2026-04-08 10:41:36
113,https://media.example.com/v/337,2026-04-08 10:38:38
144,https://media.example.com/v/106,2026-04-08 10:38:13
54,https://media.example.com/v/406,2026-04-08 10:35:53
74,https://media.example.com/v/513,2026-04-08 10:36:37
100,https://media.example.com/v/409,2026-04-08 10:40:31
77,https://media.example.com/v/176,2026-04-08 10:38:40
98,https://media.example.com/v/569,2026-04-08 10:39:42
101,https://media.example.com/v/242,2026-04-08 10:40:38
40,https://media.example.com/v/453,2026-04-08 10:40:03
51,https://media.example.com/v/30,2026-04-08 10:37:41
133,https://media.example.com/v/51,2026-04-08 10:41:28
14,https://media.example.com/v/324,2026-04-08 10:40:06
12,https://media.example.com/v/455,2026-04-08 10:37:31
74,https://media.example.com/v/100,2026-04-08 10:36:50
93,https://media.example.com/v/525,2026-04-08 10:38:27
115,https://media.example.com/v/129,2026-04-08 10:36:08
149,https://media.example.com/v/271,2026-04-08 10:40:21
72,https://media.example.com/v/459,2026-04-08 10:38:32
24,https://media.example.com/v/532,2026-04-08 10:41:02
42,https://media.example.com/v/396,2026-04-08 10:40:22
5,https://media.example.com/v/375,2026-04-08 10:38:13
135,https://media.example.com/v/188,2026-04-08 10:37:31
60,https://media.example.com/v/221,2026-04-08 10:38:55
104,https://media.example.com/v/106,2026-04-08 10:37:43
145,https://media.example.com/v/20,2026-04-08 10:40:51
34,https://media.example.com/v/202,2026-04-08 10:36:20
127,https://media.example.com/v/500,2026-04-08 10:36:07
104,https://media.example.com/v/157,2026-04-08 10:37:56
52,https://media.example.com/v/201,2026-04-08 10:35:56
20,https://media.example.com/v/335,2026-04-08 10:40:40
6,https://media.example.com/v/491,2026-04-08 10:38:34
112,https://media.example.com/v/106,2026-04-08 10:38:54
5,https://media.example.com/v/273,2026-04-08 10:37:56
48,https://media.example.com/v/334,2026-04-08 10:39:35
81,https://media.example.com/v/257,2026-04-08 10:37:40
13,https://media.example.com/v/127,2026-04-08 10:36:52
34,https://media.example.com/v/412,2026-04-08 10:38:02
86,https://media.example.com/v/2,2026-04-08 10:36:38
133,https://media.example.com/v/541,2026-04-08 10:37:12
149,https://media.example.com/v/156,2026-04-08 10:36:24
83,https://media.example.com/v/300,2026-04-08 10:39:03
82,https://media.example.com/v/483,2026-04-08 10:40:17
93,https://media.example.com/v/285,2026-04-08 10:40:20
42,https://media.example.com/v/422,2026-04-08 10:41:32
90,https://media.example.com/v/55,2026-04-08 10:40:20
78,https://media.example.com/v/502,2026-04-08 10:37:39
15,https://media.example.com/v/293,2026-04-08 10:39:36
47,https://media.example.com/v/496,2026-04-08 10:35:48
135,https://media.example.com/v/173,2026-04-08 10:41:14
51,https://media.example.com/v/334,2026-04-08 10:39:02
36,https://media.example.com/v/439,2026-04-08 10:41:05
62,https://media.example.com/v/269,2026-04-08 10:39:38
33,https://media.example.com/v/114,2026-04-08 10:40:57
48,https://media.example.com/v/49,2026-04-08 10:40:24
70,https://media.example.com/v/22,2026-04-08 10:35:54
5,https://media.example.com/v/509,2026-04-08 10:38:33
109,https://media.example.com/v/73,2026-04-08 10:41:35
77,https://media.example.com/v/280,2026-04-08 10:39:00
90,https://media.example.com/v/178,2026-04-08 10:40:06
116,https://media.example.com/v/122,2026-04-08 10:37:17
130,https://media.example.com/v/51,2026-04-08 10:39:30
126,https://media.example.com/v/354,2026-04-08 10:35:50
61,https://media.example.com/v/551,2026-04-08 10:37:19
91,https://media.example.com/v/194,2026-04-08 10:38:15
109,https://media.example.com/v/332,2026-04-08 10:39:17
18,https://media.example.com/v/172,2026-04-08 10:38:15
21,https://media.example.com/v/333,2026-04-08 10:41:04
116,https://media.example.com/v/169,2026-04-08 10:38:10
77,https://media.example.com/v/238,2026-04-08 10:41:02
54,https://media.example.com/v/594,2026-04-08 10:37:55
144,https://media.example.com/v/502,2026-04-08 10:38:55
40,https://media.example.com/v/540,2026-04-08 10:37:50
129,https://media.example.com/v/420,2026-04-08 10:41:26
137,https://media.example.com/v/171,2026-04-08 10:36:39
20,https://media.example.com/v/518,2026-04-08 10:39:09
84,https://media.example.com/v/532,2026-04-08 10:37:21
97,https://media.example.com/v/264,2026-04-08 10:35:57
66,https://media.example.com/v/526,2026-04-08 10:37:29
23,https://media.example.com/v/260,2026-04-08 10:39:53
96,https://media.example.com/v/371,2026-04-08 10:38:34
123,https://media.example.com/v/572,2026-04-08 10:40:22
72,https://media.example.com/v/11,2026-04-08 10:37:57
4,https://media.example.com/v/327,2026-04-08 10:38:49
73,https://media.example.com/v/57,2026-04-08 10:36:16
132,https://media.example.com/v/48,2026-04-08 10:41:04
146,https://media.example.com/v/524,2026-04-08 10:36:21
107,https://media.example.com/v/587,2026-04-08 10:36:40
21,https://media.example.com/v/311,2026-04-08 10:36:35
121,https://media.example.com/v/134,2026-04-08 10:41:27
138,https://media.example.com/v/533,2026-04-08 10:38:39
38,https://media.example.com/v/575,2026-04-08 10:37:28
63,https://media.example.com/v/54,2026-04-08 10:36:33
49,https://media.example.com/v/597,2026-04-08 10:40:08
12,https://media.example.com/v/514,2026-04-08 10:39:34
68,https://media.example.com/v/279,2026-04-08 10:39:12
97,https://media.example.com/v/186,2026-04-08 10:36:03
72,https://media.example.com/v/571,2026-04-08 10:39:23
126,https://media.example.com/v/72,2026-04-08 10:40:29
1,https://media.example.com/v/29,2026-04-08 10:40:56
43,https://media.example.com/v/394,2026-04-08 10:36:44
66,https://media.example.com/v/457,2026-04-08 10:37:28
78,https://media.example.com/v/267,2026-04-08 10:39:41
11,https://media.example.com/v/350,2026-04-08 10:40:19
112,https://media.example.com/v/501,2026-04-08 10:38:54
60,https://media.example.com/v/187,2026-04-08 10:41:05
150,https://media.example.com/v/483,2026-04-08 10:41:22
75,https://media.example.com/v/125,2026-04-08 10:41:39
147,https://media.example.com/v/366,2026-04-08 10:39:26
32,https://media.example.com/v/191,2026-04-08 10:36:46
147,https://media.example.com/v/277,2026-04-08 10:40:01
43,https://media.example.com/v/109,2026-04-08 10:38:14
149,https://media.example.com/v/441,2026-04-08 10:36:04
118,https://media.example.com/v/575,2026-04-08 10:36:52
76,https://media.example.com/v/134,2026-04-08 10:37:16
115,https://media.example.com/v/36,2026-04-08 10:40:38
60,https://media.example.com/v/386,2026-04-08 10:37:03
6,https://media.example.com/v/337,2026-04-08 10:36:23
109,https://media.example.com/v/273,2026-04-08 10:36:48
77,https://media.example.com/v/398,2026-04-08 10:41:32
32,https://media.example.com/v/414,2026-04-08 10:39:30
118,https://media.example.com/v/401,2026-04-08 10:40:00
9,https://media.example.com/v/140,2026-04-08 10:38:43
126,https://media.example.com/v/151,2026-04-08 10:40:03
63,https://media.example.com/v/367,2026-04-08 10:41:13
2,https://media.example.com/v/413,2026-04-08 10:38:36
83,https://media.example.com/v/139,2026-04-08 10:41:24
98,https://media.example.com/v/468,2026-04-08 10:40:58
142,https://media.example.com/v/412,2026-04-08 10:36:21
132,https://media.example.com/v/332,2026-04-08 10:40:54
94,https://media.example.com/v/589,2026-04-08 10:37:14
45,https://media.example.com/v/16,2026-04-08 10:41:27
111,https://media.example.com/v/201,2026-04-08 10:38:18
94,https://media.example.com/v/7,2026-04-08 10:38:43
56,https://media.example.com/v/384,2026-04-08 10:39:38
148,https://media.example.com/v/266,2026-04-08 10:37:56
71,https://media.example.com/v/137,2026-04-08 10:37:58
108,https://media.example.com/v/370,2026-04-08 10:41:22
110,https://media.example.com/v/154,2026-04-08 10:40:03
136,https://media.example.com/v/325,2026-04-08 10:37:35
86,https://media.example.com/v/117,2026-04-08 10:37:56
72,https://media.example.com/v/503,2026-04-08 10:41:10
2,https://media.example.com/v/544,2026-04-08 10:35:49
73,https://media.example.com/v/149,2026-04-08 10:36:08
95,https://media.example.com/v/342,2026-04-08 10:41:40
60,https://media.example.com/v/294,2026-04-08 10:38:11
25,https://media.example.com/v/79,2026-04-08 10:38:08
53,https://media.example.com/v/289,2026-04-08 10:38:17
150,https://media.example.com/v/1,2026-04-08 10:40:34
28,https://media.example.com/v/202,2026-04-08 10:36:52
56,https://media.example.com/v/231,2026-04-08 10:40:19
106,https://media.example.com/v/568,2026-04-08 10:38:11
57,https://media.example.com/v/36,2026-04-08 10:37:39
150,https://media.example.com/v/263,2026-04-08 10:36:09
15,https://media.example.com/v/66,2026-04-08 10:38:35
4,https://media.example.com/v/394,2026-04-08 10:38:21
90,https://media.example.com/v/364,2026-04-08 10:37:25
35,https://media.example.com/v/578,2026-04-08 10:36:45
81,https://media.example.com/v/61,2026-04-08 10:41:41
113,https://media.example.com/v/299,2026-04-08 10:37:21
111,https://media.example.com/v/525,2026-04-08 10:36:12
52,https://media.example.com/v/313,2026-04-08 10:41:37
58,https://media.example.com/v/315,2026-04-08 10:41:00
145,https://media.example.com/v/121,2026-04-08 10:41:13
28,https://media.example.com/v/543,2026-04-08 10:40:23
19,https://media.example.com/v/488,2026-04-08 10:36:21
42,https://media.example.com/v/282,2026-04-08 10:37:07
50,https://media.example.com/v/313,2026-04-08 10:39:50
68,https://media.example.com/v/445,2026-04-08 10:39:26
71,https://media.example.com/v/567,2026-04-08 10:38:27
126,https://media.example.com/v/591,2026-04-08 10:40:23
139,https://media.example.com/v/40,2026-04-08 10:37:32
119,https://media.example.com/v/443,2026-04-08 10:37:21
23,https://media.example.com/v/425,2026-04-08 10:38:43
104,https://media.example.com/v/341,2026-04-08 10:37:25
75,https://media.example.com/v/96,2026-04-08 10:39:30
133,https://media.example.com/v/301,2026-04-08 10:36:22
148,https://media.example.com/v/506,2026-04-08 10:41:10
58,https://media.example.com/v/355,2026-04-08 10:36:39
91,https://media.example.com/v/129,2026-04-08 10:38:20
107,https://media.example.com/v/171,2026-04-08 10:40:17
73,https://media.example.com/v/427,2026-04-08 10:39:56
34,https://media.example.com/v/351,2026-04-08 10:37:28
39,https://media.example.com/v/360,2026-04-08 10:40:11
18,https://media.example.com/v/521,2026-04-08 10:39:06
72,https://media.example.com/v/454,2026-04-08 10:37:05
130,https://media.example.com/v/364,2026-04-08 10:41:13
146,https://media.example.com/v/259,2026-04-08 10:40:42
14,https://media.example.com/v/252,2026-04-08 10:38:18
41,https://media.example.com/v/501,2026-04-08 10:41:23
41,https://media.example.com/v/515,2026-04-08 10:39:42
103,https://media.example.com/v/191,2026-04-08 10:37:31
55,https://media.example.com/v/250,2026-04-08 10:36:36
81,https://media.example.com/v/272,2026-04-08 10:39:33
92,https://media.example.com/v/525,2026-04-08 10:37:16
103,https://media.example.com/v/154,2026-04-08 10:39:32
14,https://media.example.com/v/249,2026-04-08 10:37:29
22,https://media.example.com/v/581,2026-04-08 10:41:22
100,https://media.example.com/v/527,2026-04-08 10:35:57
3,https://media.example.com/v/533,2026-04-08 10:40:24
144,https://media.example.com/v/237,2026-04-08 10:38:57
105,https://media.example.com/v/413,2026-04-08 10:38:04
6,https://media.example.com/v/282,2026-04-08 10:37:41
3,https://media.example.com/v/366,2026-04-08 10:38:51
87,https://media.example.com/v/379,2026-04-08 10:39:19
107,https://media.example.com/v/27,2026-04-08 10:36:05
57,https://media.example.com/v/523,2026-04-08 10:37:43
47,https://media.example.com/v/35,2026-04-08 10:36:33
99,https://media.example.com/v/183,2026-04-08 10:41:29
27,https://media.example.com/v/556,2026-04-08 10:38:48
26,https://media.example.com/v/259,2026-04-08 10:40:22
1,https://media.example.com/v/302,2026-04-08 10:39:46
1,https://media.example.com/v/531,2026-04-08 10:40:33
85,https://media.example.com/v/541,2026-04-08 10:40:32
97,https://media.example.com/v/117,2026-04-08 10:40:20
23,https://media.example.com/v/280,2026-04-08 10:39:30
48,https://media.example.com/v/70,2026-04-08 10:36:15
150,https://media.example.com/v/77,2026-04-08 10:36:16
70,https://media.example.com/v/335,2026-04-08 10:37:34
44,https://media.example.com/v/169,2026-04-08 10:41:35
37,https://media.example.com/v/168,2026-04-08 10:40:21
1,https://media.example.com/v/95,2026-04-08 10:36:23
72,https://media.example.com/v/561,2026-04-08 10:36:54
54,https://media.example.com/v/423,2026-04-08 10:41:30
49,https://media.example.com/v/280,2026-04-08 10:38:26
86,https://media.example.com/v/113,2026-04-08 10:37:44
97,https://media.example.com/v/214,2026-04-08 10:38:51
31,https://media.example.com/v/112,2026-04-08 10:39:27
63,https://media.example.com/v/153,2026-04-08 10:38:14
144,https://media.example.com/v/107,2026-04-08 10:36:20
13,https://media.example.com/v/171,2026-04-08 10:36:17
89,https://media.example.com/v/70,2026-04-08 10:39:20
138,https://media.example.com/v/315,2026-04-08 10:38:14
114,https://media.example.com/v/157,2026-04-08 10:38:40
141,https://media.example.com/v/114,2026-04-08 10:39:51
127,https://media.example.com/v/181,2026-04-08 10:40:21
34,https://media.example.com/v/49,2026-04-08 10:37:59
7,https://media.example.com/v/501,2026-04-08 10:36:47
42,https://media.example.com/v/190,2026-04-08 10:41:20
34,https://media.example.com/v/526,2026-04-08 10:38:26
44,https://media.example.com/v/49,2026-04-08 10:38:51
79,https://media.example.com/v/315,2026-04-08 10:40:20
120,https://media.example.com/v/365,2026-04-08 10:36:04
30,https://media.example.com/v/101,2026-04-08 10:38:49
87,https://media.example.com/v/70,2026-04-08 10:36:14
101,https://media.example.com/v/171,2026-04-08 10:41:32
47,https://media.example.com/v/210,2026-04-08 10:39:48
106,https://media.example.com/v/523,2026-04-08 10:40:19
8,https://media.example.com/v/196,2026-04-08 10:40:34
130,https://media.example.com/v/339,2026-04-08 10:39:45
48,https://media.example.com/v/246,2026-04-08 10:39:24
82,https://media.example.com/v/581,2026-04-08 10:40:32
87,https://media.example.com/v/53,2026-04-08 10:41:42
45,https://media.example.com/v/571,2026-04-08 10:38:26
92,https://media.example.com/v/598,2026-04-08 10:40:25
149,https://media.example.com/v/381,2026-04-08 10:41:45
148,https://media.example.com/v/111,2026-04-08 10:36:28
117,https://media.example.com/v/215,2026-04-08 10:37:08
149,https://media.example.com/v/302,2026-04-08 10:36:12
49,https://media.example.com/v/134,2026-04-08 10:36:02
65,https://media.example.com/v/568,2026-04-08 10:35:48
108,https://media.example.com/v/309,2026-04-08 10:38:52
150,https://media.example.com/v/361,2026-04-08 10:37:29
146,https://media.example.com/v/184,2026-04-08 10:39:52
58,https://media.example.com/v/565,2026-04-08 10:40:26
90,https://media.example.com/v/465,2026-04-08 10:37:45
32,https://media.example.com/v/123,2026-04-08 10:41:02
105,https://media.example.com/v/32,2026-04-08 10:40:48
127,https://media.example.com/v/307,2026-04-08 10:36:25
70,https://media.example.com/v/115,2026-04-08 10:36:19
61,https://media.example.com/v/198,2026-04-08 10:39:38
12,https://media.example.com/v/23,2026-04-08 10:39:19
90,https://media.example.com/v/517,2026-04-08 10:38:55
7,https://media.example.com/v/370,2026-04-08 10:35:58
112,https://media.example.com/v/279,2026-04-08 10:40:24
49,https://media.example.com/v/192,2026-04-08 10:38:18
8,https://media.example.com/v/456,2026-04-08 10:41:07
50,https://media.example.com/v/297,2026-04-08 10:38:13
90,https://media.example.com/v/349,2026-04-08 10:36:30
42,https://media.example.com/v/215,2026-04-08 10:38:36
1,https://media.example.com/v/203,2026-04-08 10:35:51
141,https://media.example.com/v/96,2026-04-08 10:37:31
121,https://media.example.com/v/585,2026-04-08 10:41:18
48,https://media.example.com/v/96,2026-04-08 10:40:08
4,https://media.example.com/v/359,2026-04-08 10:36:34
102,https://media.example.com/v/300,2026-04-08 10:38:48
34,https://media.example.com/v/334,2026-04-08 10:36:34
54,https://media.example.com/v/252,2026-04-08 10:39:13
102,https://media.example.com/v/49,2026-04-08 10:37:45
117,https://media.example.com/v/568,2026-04-08 10:36:57
112,https://media.example.com/v/381,2026-04-08 10:39:16
94,https://media.example.com/v/491,2026-04-08 10:38:03
82,https://media.example.com/v/145,2026-04-08 10:41:28
131,https://media.example.com/v/52,2026-04-08 10:37:35
98,https://media.example.com/v/462,2026-04-08 10:37:47
135,https://media.example.com/v/227,2026-04-08 10:39:13
19,https://media.example.com/v/416,2026-04-08 10:41:45
99,https://media.example.com/v/285,2026-04-08 10:39:52
136,https://media.example.com/v/385,2026-04-08 10:40:36
73,https://media.example.com/v/345,2026-04-08 10:36:53
118,https://media.example.com/v/462,2026-04-08 10:37:19
58,https://media.example.com/v/455,2026-04-08 10:38:47
110,https://media.example.com/v/590,2026-04-08 10:37:50
11,https://media.example.com/v/490,2026-04-08 10:41:08
132,https://media.example.com/v/433,2026-04-08 10:41:36
84,https://media.example.com/v/349,2026-04-08 10:36:57
134,https://media.example.com/v/49,2026-04-08 10:38:55
36,https://media.example.com/v/412,2026-04-08 10:36:20
87,https://media.example.com/v/489,2026-04-08 10:38:33
89,https://media.example.com/v/496,2026-04-08 10:40:13
92,https://media.example.com/v/265,2026-04-08 10:39:23
6,https://media.example.com/v/207,2026-04-08 10:39:11
119,https://media.example.com/v/68,2026-04-08 10:36:10
106,https://media.example.com/v/497,2026-04-08 10:40:58
135,https://media.example.com/v/286,2026-04-08 10:40:03
73,https://media.example.com/v/265,2026-04-08 10:38:20
40,https://media.example.com/v/270,2026-04-08 10:37:39
145,https://media.example.com/v/428,2026-04-08 10:35:58
128,https://media.example.com/v/473,2026-04-08 10:36:29
100,https://media.example.com/v/267,2026-04-08 10:35:58
84,https://media.example.com/v/481,2026-04-08 10:36:22
40,https://media.example.com/v/304,2026-04-08 10:39:33
68,https://media.example.com/v/171,2026-04-08 10:39:25
10,https://media.example.com/v/321,2026-04-08 10:38:17
72,https://media.example.com/v/248,2026-04-08 10:36:36
113,https://media.example.com/v/117,2026-04-08 10:38:43
82,https://media.example.com/v/234,2026-04-08 10:37:05
97,https://media.example.com/v/515,2026-04-08 10:37:38
34,https://media.example.com/v/24,2026-04-08 10:37:56
110,https://media.example.com/v/56,2026-04-08 10:39:27
115,https://media.example.com/v/372,2026-04-08 10:36:41
106,https://media.example.com/v/309,2026-04-08 10:38:39
108,https://media.example.com/v/557,2026-04-08 10:40:49
113,https://media.example.com/v/311,2026-04-08 10:40:30
126,https://media.example.com/v/453,2026-04-08 10:39:38
58,https://media.example.com/v/91,2026-04-08 10:36:39
89,https://media.example.com/v/346,2026-04-08 10:40:35
113,https://media.example.com/v/307,2026-04-08 10:40:13
14,https://media.example.com/v/193,2026-04-08 10:39:51
107,https://media.example.com/v/392,2026-04-08 10:41:04
19,https://media.example.com/v/217,2026-04-08 10:40:50
47,https://media.example.com/v/391,2026-04-08 10:41:40
74,https://media.example.com/v/16,2026-04-08 10:37:38
106,https://media.example.com/v/403,2026-04-08 10:38:11
7,https://media.example.com/v/190,2026-04-08 10:39:46
8,https://media.example.com/v/242,2026-04-08 10:36:09
130,https://media.example.com/v/173,2026-04-08 10:41:24
45,https://media.example.com/v/119,2026-04-08 10:37:04
54,https://media.example.com/v/125,2026-04-08 10:41:35
111,https://media.example.com/v/128,2026-04-08 10:40:04
109,https://media.example.com/v/108,2026-04-08 10:39:43
68,https://media.example.com/v/523,2026-04-08 10:37:55
20,https://media.example.com/v/526,2026-04-08 10:37:53
74,https://media.example.com/v/411,2026-04-08 10:38:13
149,https://media.example.com/v/248,2026-04-08 10:38:52
64,https://media.example.com/v/431,2026-04-08 10:37:03
86,https://media.example.com/v/252,2026-04-08 10:39:54
120,https://media.example.com/v/287,2026-04-08 10:38:13
146,https://media.example.com/v/382,2026-04-08 10:38:53
70,https://media.example.com/v/272,2026-04-08 10:38:40
129,https://media.example.com/v/88,2026-04-08 10:37:57
5,https://media.example.com/v/492,2026-04-08 10:36:51
104,https://media.example.com/v/189,2026-04-08 10:37:24
82,https://media.example.com/v/255,2026-04-08 10:40:50
126,https://media.example.com/v/515,2026-04-08 10:37:14
28,https://media.example.com/v/556,2026-04-08 10:37:23
53,https://media.example.com/v/481,2026-04-08 10:40:39
114,https://media.example.com/v/22,2026-04-08 10:40:11
96,https://media.example.com/v/254,2026-04-08 10:41:03
26,https://media.example.com/v/400,2026-04-08 10:39:19
59,https://media.example.com/v/76,2026-04-08 10:41:20
11,https://media.example.com/v/3,2026-04-08 10:37:32
106,https://media.example.com/v/120,2026-04-08 10:36:55
147,https://media.example.com/v/190,2026-04-08 10:35:47
133,https://media.example.com/v/106,2026-04-08 10:37:05
18,https://media.example.com/v/394,2026-04-08 10:40:30
72,https://media.example.com/v/141,2026-04-08 10:37:35
69,https://media.example.com/v/214,2026-04-08 10:38:25
83,https://media.example.com/v/29,2026-04-08 10:36:47
124,https://media.example.com/v/163,2026-04-08 10:40:22
67,https://media.example.com/v/26,2026-04-08 10:41:29
85,https://media.example.com/v/268,2026-04-08 10:36:08
108,https://media.example.com/v/495,2026-04-08 10:38:23
92,https://media.example.com/v/351,2026-04-08 10:35:52
59,https://media.example.com/v/566,2026-04-08 10:36:16
148,https://media.example.com/v/42,2026-04-08 10:38:03
126,https://media.example.com/v/193,2026-04-08 10:36:27
40,https://media.example.com/v/423,2026-04-08 10:39:01
136,https://media.example.com/v/530,2026-04-08 10:40:34
40,https://media.example.com/v/262,2026-04-08 10:41:44
96,https://media.example.com/v/281,2026-04-08 10:40:00
59,https://media.example.com/v/345,2026-04-08 10:36:27
106,https://media.example.com/v/395,2026-04-08 10:37:32
121,https://media.example.com/v/567,2026-04-08 10:40:55
148,https://media.example.com/v/305,2026-04-08 10:38:32
9,https://media.example.com/v/215,2026-04-08 10:41:09
38,https://media.example.com/v/252,2026-04-08 10:40:30
22,https://media.example.com/v/91,2026-04-08 10:37:52
65,https://media.example.com/v/279,2026-04-08 10:39:25
128,https://media.example.com/v/214,2026-04-08 10:36:38
132,https://media.example.com/v/277,2026-04-08 10:40:10
122,https://media.example.com/v/279,2026-04-08 10:40:50
33,https://media.example.com/v/425,2026-04-08 10:41:20
90,https://media.example.com/v/272,2026-04-08 10:38:49
46,https://media.example.com/v/558,2026-04-08 10:41:33
96,https://media.example.com/v/527,2026-04-08 10:38:03
22,https://media.example.com/v/44,2026-04-08 10:38:20
108,https://media.example.com/v/231,2026-04-08 10:38:39
89,https://media.example.com/v/119,2026-04-08 10:39:32
12,https://media.example.com/v/311,2026-04-08 10:36:18
48,https://media.example.com/v/421,2026-04-08 10:41:19
13,https://media.example.com/v/402,2026-04-08 10:41:24
55,https://media.example.com/v/52,2026-04-08 10:36:25
59,https://media.example.com/v/546,2026-04-08 10:36:01
38,https://media.example.com/v/233,2026-04-08 10:39:35
128,https://media.example.com/v/596,2026-04-08 10:36:46
60,https://media.example.com/v/589,2026-04-08 10:38:03
63,https://media.example.com/v/189,2026-04-08 10:37:34
145,https://media.example.com/v/11,2026-04-08 10:36:19
129,https://media.example.com/v/124,2026-04-08 10:38:17
106,https://media.example.com/v/388,2026-04-08 10:40:07
127,https://media.example.com/v/162,2026-04-08 10:37:32
65,https://media.example.com/v/206,2026-04-08 10:36:25
124,https://media.example.com/v/204,2026-04-08 10:39:37
21,https://media.example.com/v/320,2026-04-08 10:37:56
93,https://media.example.com/v/367,2026-04-08 10:36:48
112,https://media.example.com/v/32,2026-04-08 10:38:13
116,https://media.example.com/v/65,2026-04-08 10:41:19
147,https://media.example.com/v/477,2026-04-08 10:40:58
50,https://media.example.com/v/206,2026-04-08 10:40:20
72,https://media.example.com/v/396,2026-04-08 10:40:15
130,https://media.example.com/v/286,2026-04-08 10:37:52
32,https://media.example.com/v/599,2026-04-08 10:41:34
4,https://media.example.com/v/433,2026-04-08 10:39:22
64,https://media.example.com/v/416,2026-04-08 10:40:11
136,https://media.example.com/v/333,2026-04-08 10:39:08
36,https://media.example.com/v/354,2026-04-08 10:36:31
79,https://media.example.com/v/48,2026-04-08 10:36:44
48,https://media.example.com/v/306,2026-04-08 10:36:24
124,https://media.example.com/v/68,2026-04-08 10:36:43
31,https://media.example.com/v/115,2026-04-08 10:41:34
56,https://media.example.com/v/366,2026-04-08 10:37:43
10,https://media.example.com/v/290,2026-04-08 10:36:36
117,https://media.example.com/v/296,2026-04-08 10:39:42
104,https://media.example.com/v/155,2026-04-08 10:36:47
1,https://media.example.com/v/594,2026-04-08 10:36:33
4,https://media.example.com/v/482,2026-04-08 10:38:09
47,https://media.example.com/v/125,2026-04-08 10:39:33
24,https://media.example.com/v/178,2026-04-08 10:41:33
94,https://media.example.com/v/120,2026-04-08 10:37:12
122,https://media.example.com/v/285,2026-04-08 10:35:52
144,https://media.example.com/v/232,2026-04-08 10:41:16
20,https://media.example.com/v/565,2026-04-08 10:37:27
76,https://media.example.com/v/438,2026-04-08 10:37:03
112,https://media.example.com/v/196,2026-04-08 10:39:20
39,https://media.example.com/v/303,2026-04-08 10:38:05
144,https://media.example.com/v/201,2026-04-08 10:40:05
29,https://media.example.com/v/56,2026-04-08 10:41:43
119,https://media.example.com/v/258,2026-04-08 10:40:39
100,https://media.example.com/v/341,2026-04-08 10:39:06
3,https://media.example.com/v/109,2026-04-08 10:40:10
117,https://media.example.com/v/450,2026-04-08 10:37:37
19,https://media.example.com/v/312,2026-04-08 10:38:45
44,https://media.example.com/v/457,2026-04-08 10:39:52
136,https://media.example.com/v/478,2026-04-08 10:38:45
42,https://media.example.com/v/114,2026-04-08 10:36:58
18,https://media.example.com/v/333,2026-04-08 10:36:24
111,https://media.example.com/v/210,2026-04-08 10:40:50
109,https://media.example.com/v/389,2026-04-08 10:38:55
62,https://media.example.com/v/47,2026-04-08 10:40:11
117,https://media.example.com/v/337,2026-04-08 10:37:51
56,https://media.example.com/v/112,2026-04-08 10:36:45
80,https://media.example.com/v/266,2026-04-08 10:38:14
121,https://media.example.com/v/375,2026-04-08 10:39:44
63,https://media.example.com/v/418,2026-04-08 10:36:51
89,https://media.example.com/v/137,2026-04-08 10:36:00
25,https://media.example.com/v/260,2026-04-08 10:40:45
89,https://media.example.com/v/43,2026-04-08 10:36:40
95,https://media.example.com/v/176,2026-04-08 10:38:41
135,https://media.example.com/v/118,2026-04-08 10:36:43
28,https://media.example.com/v/23,2026-04-08 10:41:37
36,https://media.example.com/v/180,2026-04-08 10:40:35
146,https://media.example.com/v/346,2026-04-08 10:38:20
104,https://media.example.com/v/264,2026-04-08 10:40:36
17,https://media.example.com/v/87,2026-04-08 10:38:33
21,https://media.example.com/v/523,2026-04-08 10:38:25
68,https://media.example.com/v/570,2026-04-08 10:37:47
105,https://media.example.com/v/436,2026-04-08 10:35:58
39,https://media.example.com/v/76,2026-04-08 10:39:16
78,https://media.example.com/v/143,2026-04-08 10:36:52
28,https://media.example.com/v/278,2026-04-08 10:39:14
99,https://media.example.com/v/481,2026-04-08 10:37:00
72,https://media.example.com/v/244,2026-04-08 10:37:54
132,https://media.example.com/v/457,2026-04-08 10:38:02
56,https://media.example.com/v/546,2026-04-08 10:40:16
132,https://media.example.com/v/255,2026-04-08 10:36:50
111,https://media.example.com/v/245,2026-04-08 10:41:05
101,https://media.example.com/v/264,2026-04-08 10:41:46
23,https://media.example.com/v/333,2026-04-08 10:36:51
69,https://media.example.com/v/193,2026-04-08 10:40:51
116,https://media.example.com/v/296,2026-04-08 10:41:14
145,https://media.example.com/v/556,2026-04-08 10:37:52
102,https://media.example.com/v/150,2026-04-08 10:40:51
49,https://media.example.com/v/296,2026-04-08 10:38:06
130,https://media.example.com/v/391,2026-04-08 10:40:58
25,https://media.example.com/v/181,2026-04-08 10:40:36
44,https://media.example.com/v/513,2026-04-08 10:36:42
86,https://media.example.com/v/316,2026-04-08 10:40:46
131,https://media.example.com/v/499,2026-04-08 10:41:33
18,https://media.example.com/v/444,2026-04-08 10:40:52
142,https://media.example.com/v/172,2026-04-08 10:37:22
140,https://media.example.com/v/200,2026-04-08 10:41:22
110,https://media.example.com/v/141,2026-04-08 10:39:22
15,https://media.example.com/v/197,2026-04-08 10:35:59
47,https://media.example.com/v/278,2026-04-08 10:38:37
94,https://media.example.com/v/162,2026-04-08 10:37:05
132,https://media.example.com/v/585,2026-04-08 10:41:24
137,https://media.example.com/v/23,2026-04-08 10:35:56
134,https://media.example.com/v/569,2026-04-08 10:40:24
47,https://media.example.com/v/94,2026-04-08 10:39:32
49,https://media.example.com/v/530,2026-04-08 10:39:04
18,https://media.example.com/v/49,2026-04-08 10:41:11
94,https://media.example.com/v/211,2026-04-08 10:41:46
100,https://media.example.com/v/86,2026-04-08 10:40:14
74,https://media.example.com/v/166,2026-04-08 10:39:33
146,https://media.example.com/v/58,2026-04-08 10:38:19
99,https://media.example.com/v/80,2026-04-08 10:39:15
150,https://media.example.com/v/256,2026-04-08 10:40:12
4,https://media.example.com/v/573,2026-04-08 10:39:30
55,https://media.example.com/v/116,2026-04-08 10:38:56
62,https://media.example.com/v/72,2026-04-08 10:37:05
21,https://media.example.com/v/400,2026-04-08 10:38:20
34,https://media.example.com/v/298,2026-04-08 10:36:22
135,https://media.example.com/v/449,2026-04-08 10:40:39
134,https://media.example.com/v/420,2026-04-08 10:40:51
71,https://media.example.com/v/215,2026-04-08 10:41:33
37,https://media.example.com/v/26,2026-04-08 10:38:21
118,https://media.example.com/v/95,2026-04-08 10:36:56
51,https://media.example.com/v/92,2026-04-08 10:38:06
70,https://media.example.com/v/490,2026-04-08 10:36:09
37,https://media.example.com/v/443,2026-04-08 10:35:49
34,https://media.example.com/v/347,2026-04-08 10:40:17
107,https://media.example.com/v/202,2026-04-08 10:39:58
13,https://media.example.com/v/365,2026-04-08 10:41:01
83,https://media.example.com/v/489,2026-04-08 10:41:23
27,https://media.example.com/v/91,2026-04-08 10:37:45
2,https://media.example.com/v/547,2026-04-08 10:35:48
1,https://media.example.com/v/156,2026-04-08 10:37:38
49,https://media.example.com/v/337,2026-04-08 10:39:47
42,https://media.example.com/v/276,2026-04-08 10:37:07
32,https://media.example.com/v/390,2026-04-08 10:36:50
43,https://media.example.com/v/222,2026-04-08 10:41:12
96,https://media.example.com/v/214,2026-04-08 10:41:19
61,https://media.example.com/v/387,2026-04-08 10:41:22
52,https://media.example.com/v/394,2026-04-08 10:40:13
34,https://media.example.com/v/278,2026-04-08 10:37:50
94,https://media.example.com/v/109,2026-04-08 10:36:06
110,https://media.example.com/v/216,2026-04-08 10:40:46
38,https://media.example.com/v/208,2026-04-08 10:41:43
122,https://media.example.com/v/353,2026-04-08 10:39:13
7,https://media.example.com/v/418,2026-04-08 10:35:53
41,https://media.example.com/v/351,2026-04-08 10:36:29
54,https://media.example.com/v/348,2026-04-08 10:41:04
23,https://media.example.com/v/286,2026-04-08 10:40:26
150,https://media.example.com/v/42,2026-04-08 10:38:20
29,https://media.example.com/v/320,2026-04-08 10:39:48
133,https://media.example.com/v/295,2026-04-08 10:38:05
4,https://media.example.com/v/63,2026-04-08 10:39:16
97,https://media.example.com/v/386,2026-04-08 10:39:38
1,https://media.example.com/v/552,2026-04-08 10:36:15
112,https://media.example.com/v/558,2026-04-08 10:38:51
45,https://media.example.com/v/311,2026-04-08 10:36:24
68,https://media.example.com/v/384,2026-04-08 10:36:48
68,https://media.example.com/v/516,2026-04-08 10:38:33
4,https://media.example.com/v/512,2026-04-08 10:40:20
109,https://media.example.com/v/65,2026-04-08 10:41:19
16,https://media.example.com/v/183,2026-04-08 10:36:26
102,https://media.example.com/v/241,2026-04-08 10:37:10
30,https://media.example.com/v/577,2026-04-08 10:39:32
29,https://media.example.com/v/326,2026-04-08 10:37:14
90,https://media.example.com/v/370,2026-04-08 10:37:47
138,https://media.example.com/v/145,2026-04-08 10:37:22
46,https://media.example.com/v/76,2026-04-08 10:35:50
2,https://media.example.com/v/405,2026-04-08 10:39:37
94,https://media.example.com/v/555,2026-04-08 10:38:54
88,https://media.example.com/v/574,2026-04-08 10:37:27
88,https://media.example.com/v/364,2026-04-08 10:36:40
140,https://media.example.com/v/306,2026-04-08 10:37:41
130,https://media.example.com/v/302,2026-04-08 10:39:08
60,https://media.example.com/v/85,2026-04-08 10:36:27
63,https://media.example.com/v/164,2026-04-08 10:37:06
1,https://media.example.com/v/427,2026-04-08 10:40:53
103,https://media.example.com/v/153,2026-04-08 10:38:48
22,https://media.example.com/v/461,2026-04-08 10:37:54
70,https://media.example.com/v/285,2026-04-08 10:36:28
103,https://media.example.com/v/11,2026-04-08 10:41:29
35,https://media.example.com/v/528,2026-04-08 10:37:12
143,https://media.example.com/v/578,2026-04-08 10:39:57
91,https://media.example.com/v/395,2026-04-08 10:37:34
24,https://media.example.com/v/488,2026-04-08 10:41:30
150,https://media.example.com/v/130,2026-04-08 10:38:04
88,https://media.example.com/v/199,2026-04-08 10:41:04
57,https://media.example.com/v/255,2026-04-08 10:37:15
5,https://media.example.com/v/241,2026-04-08 10:39:12
28,https://media.example.com/v/276,2026-04-08 10:39:49
41,https://media.example.com/v/470,2026-04-08 10:41:36
22,https://media.example.com/v/477,2026-04-08 10:40:16
30,https://media.example.com/v/467,2026-04-08 10:39:24
125,https://media.example.com/v/62,2026-04-08 10:36:46
9,https://media.example.com/v/392,2026-04-08 10:36:22
99,https://media.example.com/v/580,2026-04-08 10:37:14
131,https://media.example.com/v/335,2026-04-08 10:38:51
141,https://media.example.com/v/236,2026-04-08 10:38:25
113,https://media.example.com/v/202,2026-04-08 10:38:12
50,https://media.example.com/v/150,2026-04-08 10:35:46
8,https://media.example.com/v/277,2026-04-08 10:36:47
98,https://media.example.com/v/299,2026-04-08 10:37:37
133,https://media.example.com/v/247,2026-04-08 10:39:30
68,https://media.example.com/v/536,2026-04-08 10:35:53
70,https://media.example.com/v/279,2026-04-08 10:41:37
29,https://media.example.com/v/174,2026-04-08 10:39:51
31,https://media.example.com/v/447,2026-04-08 10:37:39
143,https://media.example.com/v/81,2026-04-08 10:38:35
91,https://media.example.com/v/127,2026-04-08 10:35:49
82,https://media.example.com/v/177,2026-04-08 10:37:57
63,https://media.example.com/v/41,2026-04-08 10:37:11
145,https://media.example.com/v/304,2026-04-08 10:38:00
58,https://media.example.com/v/124,2026-04-08 10:41:33
149,https://media.example.com/v/483,2026-04-08 10:37:50
125,https://media.example.com/v/268,2026-04-08 10:38:34
4,https://media.example.com/v/228,2026-04-08 10:37:23
21,https://media.example.com/v/451,2026-04-08 10:36:56
20,https://media.example.com/v/548,2026-04-08 10:41:05
108,https://media.example.com/v/503,2026-04-08 10:38:35
3,https://media.example.com/v/46,2026-04-08 10:40:47
79,https://media.example.com/v/134,2026-04-08 10:36:36
5,https://media.example.com/v/46,2026-04-08 10:40:06
74,https://media.example.com/v/337,2026-04-08 10:37:36
37,https://media.example.com/v/109,2026-04-08 10:41:28
17,https://media.example.com/v/205,2026-04-08 10:36:14
35,https://media.example.com/v/589,2026-04-08 10:39:38
144,https://media.example.com/v/86,2026-04-08 10:37:22
3,https://media.example.com/v/564,2026-04-08 10:38:23
134,https://media.example.com/v/519,2026-04-08 10:40:56
99,https://media.example.com/v/547,2026-04-08 10:36:34
86,https://media.example.com/v/334,2026-04-08 10:40:26
143,https://media.example.com/v/269,2026-04-08 10:35:48
68,https://media.example.com/v/77,2026-04-08 10:35:55
99,https://media.example.com/v/114,2026-04-08 10:38:38
90,https://media.example.com/v/265,2026-04-08 10:39:09
14,https://media.example.com/v/259,2026-04-08 10:37:28
9,https://media.example.com/v/492,2026-04-08 10:36:17
146,https://media.example.com/v/443,2026-04-08 10:36:10
71,https://media.example.com/v/102,2026-04-08 10:37:44
30,https://media.example.com/v/323,2026-04-08 10:40:01
75,https://media.example.com/v/95,2026-04-08 10:38:02
34,https://media.example.com/v/344,2026-04-08 10:39:35
136,https://media.example.com/v/243,2026-04-08 10:38:50
90,https://media.example.com/v/464,2026-04-08 10:36:19
60,https://media.example.com/v/471,2026-04-08 10:36:12
5,https://media.example.com/v/118,2026-04-08 10:40:13
140,https://media.example.com/v/274,2026-04-08 10:40:59
144,https://media.example.com/v/310,2026-04-08 10:37:14
67,https://media.example.com/v/475,2026-04-08 10:39:46
132,https://media.example.com/v/153,2026-04-08 10:38:50
35,https://media.example.com/v/381,2026-04-08 10:40:05
114,https://media.example.com/v/212,2026-04-08 10:36:55
67,https://media.example.com/v/141,2026-04-08 10:35:54
19,https://media.example.com/v/287,2026-04-08 10:37:25
56,https://media.example.com/v/311,2026-04-08 10:37:36
6,https://media.example.com/v/328,2026-04-08 10:38:16
106,https://media.example.com/v/500,2026-04-08 10:37:46
111,https://media.example.com/v/555,2026-04-08 10:39:28
147,https://media.example.com/v/598,2026-04-08 10:39:50
35,https://media.example.com/v/94,2026-04-08 10:38:24
112,https://media.example.com/v/385,2026-04-08 10:38:17
51,https://media.example.com/v/132,2026-04-08 10:39:21
29,https://media.example.com/v/349,2026-04-08 10:38:54
92,https://media.example.com/v/386,2026-04-08 10:40:11
66,https://media.example.com/v/145,2026-04-08 10:39:19
81,https://media.example.com/v/238,2026-04-08 10:36:27
103,https://media.example.com/v/540,2026-04-08 10:35:48
43,https://media.example.com/v/98,2026-04-08 10:37:24
37,https://media.example.com/v/396,2026-04-08 10:38:36
77,https://media.example.com/v/329,2026-04-08 10:39:04
137,https://media.example.com/v/562,2026-04-08 10:38:16
19,https://media.example.com/v/268,2026-04-08 10:36:30
90,https://media.example.com/v/162,2026-04-08 10:39:25
138,https://media.example.com/v/456,2026-04-08 10:38:51
45,https://media.example.com/v/510,2026-04-08 10:36:48
130,https://media.example.com/v/598,2026-04-08 10:39:53
80,https://media.example.com/v/29,2026-04-08 10:36:14
134,https://media.example.com/v/405,2026-04-08 10:40:19
143,https://media.example.com/v/136,2026-04-08 10:38:25
79,https://media.example.com/v/235,2026-04-08 10:36:21
30,https://media.example.com/v/184,2026-04-08 10:36:05
134,https://media.example.com/v/255,2026-04-08 10:36:45
89,https://media.example.com/v/290,2026-04-08 10:35:51
4,https://media.example.com/v/437,2026-04-08 10:40:59
91,https://media.example.com/v/72,2026-04-08 10:40:58
91,https://media.example.com/v/340,2026-04-08 10:38:29
145,https://media.example.com/v/267,2026-04-08 10:41:34
63,https://media.example.com/v/86,2026-04-08 10:36:26
150,https://media.example.com/v/525,2026-04-08 10:37:36
33,https://media.example.com/v/380,2026-04-08 10:40:07
25,https://media.example.com/v/17,2026-04-08 10:38:45
39,https://media.example.com/v/533,2026-04-08 10:39:18
142,https://media.example.com/v/193,2026-04-08 10:37:18
96,https://media.example.com/v/524,2026-04-08 10:41:26
47,https://media.example.com/v/104,2026-04-08 10:38:44
129,https://media.example.com/v/101,2026-04-08 10:39:00
8,https://media.example.com/v/567,2026-04-08 10:38:02
3,https://media.example.com/v/591,2026-04-08 10:36:21
35,https://media.example.com/v/577,2026-04-08 10:41:46
70,https://media.example.com/v/225,2026-04-08 10:37:35
88,https://media.example.com/v/3,2026-04-08 10:38:42
91,https://media.example.com/v/57,2026-04-08 10:39:13
66,https://media.example.com/v/447,2026-04-08 10:41:06
118,https://media.example.com/v/592,2026-04-08 10:40:34
111,https://media.example.com/v/444,2026-04-08 10:39:04
146,https://media.example.com/v/388,2026-04-08 10:38:42
87,https://media.example.com/v/537,2026-04-08 10:39:22
127,https://media.example.com/v/429,2026-04-08 10:41:11
5,https://media.example.com/v/11,2026-04-08 10:37:06
90,https://media.example.com/v/132,2026-04-08 10:40:27
79,https://media.example.com/v/331,2026-04-08 10:36:26
107,https://media.example.com/v/475,2026-04-08 10:36:02
124,https://media.example.com/v/405,2026-04-08 10:39:24
135,https://media.example.com/v/26,2026-04-08 10:40:15
82,https://media.example.com/v/193,2026-04-08 10:40:49
101,https://media.example.com/v/159,2026-04-08 10:38:19
121,https://media.example.com/v/237,2026-04-08 10:37:51
115,https://media.example.com/v/169,2026-04-08 10:35:50
112,https://media.example.com/v/182,2026-04-08 10:40:53
54,https://media.example.com/v/13,2026-04-08 10:36:47
136,https://media.example.com/v/556,2026-04-08 10:36:25
62,https://media.example.com/v/285,2026-04-08 10:37:33
18,https://media.example.com/v/223,2026-04-08 10:35:46
32,https://media.example.com/v/518,2026-04-08 10:40:58
50,https://media.example.com/v/99,2026-04-08 10:40:28
99,https://media.example.com/v/592,2026-04-08 10:41:19
134,https://media.example.com/v/500,2026-04-08 10:36:47
44,https://media.example.com/v/347,2026-04-08 10:39:37
65,https://media.example.com/v/598,2026-04-08 10:40:27
6,https://media.example.com/v/187,2026-04-08 10:40:47
42,https://media.example.com/v/337,2026-04-08 10:38:46
29,https://media.example.com/v/123,2026-04-08 10:37:24
89,https://media.example.com/v/376,2026-04-08 10:35:48
30,https://media.example.com/v/16,2026-04-08 10:37:20
142,https://media.example.com/v/429,2026-04-08 10:41:20
48,https://media.example.com/v/221,2026-04-08 10:38:32
11,https://media.example.com/v/70,2026-04-08 10:40:56
134,https://media.example.com/v/46,2026-04-08 10:38:03
63,https://media.example.com/v/207,2026-04-08 10:39:14
45,https://media.example.com/v/513,2026-04-08 10:37:28
89,https://media.example.com/v/340,2026-04-08 10:39:59
48,https://media.example.com/v/519,2026-04-08 10:36:32
6,https://media.example.com/v/122,2026-04-08 10:39:25
136,https://media.example.com/v/108,2026-04-08 10:37:21
128,https://media.example.com/v/250,2026-04-08 10:40:12
85,https://media.example.com/v/406,2026-04-08 10:37:05
33,https://media.example.com/v/587,2026-04-08 10:37:23
117,https://media.example.com/v/302,2026-04-08 10:36:29
114,https://media.example.com/v/556,2026-04-08 10:38:28
28,https://media.example.com/v/408,2026-04-08 10:40:13
134,https://media.example.com/v/451,2026-04-08 10:36:14
3,https://media.example.com/v/293,2026-04-08 10:41:43
142,https://media.example.com/v/380,2026-04-08 10:35:55
53,https://media.example.com/v/500,2026-04-08 10:41:28
4,https://media.example.com/v/449,2026-04-08 10:38:53
8,https://media.example.com/v/371,2026-04-08 10:35:55
11,https://media.example.com/v/404,2026-04-08 10:39:26
77,https://media.example.com/v/440,2026-04-08 10:39:11
83,https://media.example.com/v/135,2026-04-08 10:37:36
87,https://media.example.com/v/307,2026-04-08 10:37:36
24,https://media.example.com/v/303,2026-04-08 10:40:54
33,https://media.example.com/v/123,2026-04-08 10:40:33
110,https://media.example.com/v/530,2026-04-08 10:37:53
77,https://media.example.com/v/303,2026-04-08 10:41:37
33,https://media.example.com/v/597,2026-04-08 10:39:21
84,https://media.example.com/v/513,2026-04-08 10:39:45
107,https://media.example.com/v/447,2026-04-08 10:39:35
148,https://media.example.com/v/189,2026-04-08 10:37:25
12,https://media.example.com/v/565,2026-04-08 10:36:53
2,https://media.example.com/v/187,2026-04-08 10:41:09
144,https://media.example.com/v/110,2026-04-08 10:38:18
17,https://media.example.com/v/434,2026-04-08 10:36:21
50,https://media.example.com/v/502,2026-04-08 10:40:12
10,https://media.example.com/v/586,2026-04-08 10:38:29
68,https://media.example.com/v/479,2026-04-08 10:41:33
23,https://media.example.com/v/31,2026-04-08 10:41:32
64,https://media.example.com/v/572,2026-04-08 10:38:32
58,https://media.example.com/v/489,2026-04-08 10:40:37
116,https://media.example.com/v/183,2026-04-08 10:36:44
45,https://media.example.com/v/49,2026-04-08 10:39:00
139,https://media.example.com/v/178,2026-04-08 10:36:10
83,https://media.example.com/v/409,2026-04-08 10:39:17
15,https://media.example.com/v/110,2026-04-08 10:37:48
3,https://media.example.com/v/97,2026-04-08 10:41:42
11,https://media.example.com/v/246,2026-04-08 10:38:17
54,https://media.example.com/v/11,2026-04-08 10:39:38
95,https://media.example.com/v/490,2026-04-08 10:35:49
102,https://media.example.com/v/512,2026-04-08 10:40:11
68,https://media.example.com/v/466,2026-04-08 10:41:13
35,https://media.example.com/v/340,2026-04-08 10:41:36
116,https://media.example.com/v/255,2026-04-08 10:38:08
37,https://media.example.com/v/280,2026-04-08 10:36:37
86,https://media.example.com/v/598,2026-04-08 10:36:29
66,https://media.example.com/v/45,2026-04-08 10:41:36
136,https://media.example.com/v/319,2026-04-08 10:38:57
137,https://media.example.com/v/520,2026-04-08 10:39:23
34,https://media.example.com/v/11,2026-04-08 10:41:35
139,https://media.example.com/v/554,2026-04-08 10:37:23
120,https://media.example.com/v/192,2026-04-08 10:41:25
99,https://media.example.com/v/369,2026-04-08 10:41:01
99,https://media.example.com/v/399,2026-04-08 10:41:13
62,https://media.example.com/v/500,2026-04-08 10:41:03
64,https://media.example.com/v/246,2026-04-08 10:40:14
44,https://media.example.com/v/570,2026-04-08 10:36:26
42,https://media.example.com/v/367,2026-04-08 10:36:07
108,https://media.example.com/v/427,2026-04-08 10:41:17
94,https://media.example.com/v/510,2026-04-08 10:40:02
120,https://media.example.com/v/103,2026-04-08 10:40:57
33,https://media.example.com/v/256,2026-04-08 10:40:48
17,https://media.example.com/v/133,2026-04-08 10:37:24
82,https://media.example.com/v/512,2026-04-08 10:41:39
115,https://media.example.com/v/366,2026-04-08 10:41:23
95,https://media.example.com/v/571,2026-04-08 10:37:29
101,https://media.example.com/v/53,2026-04-08 10:38:26
65,https://media.example.com/v/339,2026-04-08 10:37:42
52,https://media.example.com/v/214,2026-04-08 10:41:42
143,https://media.example.com/v/532,2026-04-08 10:40:52
89,https://media.example.com/v/72,2026-04-08 10:39:13
102,https://media.example.com/v/578,2026-04-08 10:40:35
62,https://media.example.com/v/94,2026-04-08 10:36:20
25,https://media.example.com/v/140,2026-04-08 10:37:17
128,https://media.example.com/v/84,2026-04-08 10:40:49
130,https://media.example.com/v/340,2026-04-08 10:37:03
9,https://media.example.com/v/381,2026-04-08 10:36:22
64,https://media.example.com/v/254,2026-04-08 10:40:45
68,https://media.example.com/v/91,2026-04-08 10:38:48
134,https://media.example.com/v/165,2026-04-08 10:38:36
65,https://media.example.com/v/22,2026-04-08 10:41:41
150,https://media.example.com/v/178,2026-04-08 10:40:33
144,https://media.example.com/v/408,2026-04-08 10:37:32
24,https://media.example.com/v/451,2026-04-08 10:37:10
37,https://media.example.com/v/186,2026-04-08 10:40:12
55,https://media.example.com/v/126,2026-04-08 10:40:38
141,https://media.example.com/v/111,2026-04-08 10:41:27
139,https://media.example.com/v/423,2026-04-08 10:40:32
123,https://media.example.com/v/394,2026-04-08 10:38:32
8,https://media.example.com/v/43,2026-04-08 10:38:55
115,https://media.example.com/v/278,2026-04-08 10:40:26
9,https://media.example.com/v/231,2026-04-08 10:35:47
105,https://media.example.com/v/430,2026-04-08 10:41:21
10,https://media.example.com/v/114,2026-04-08 10:40:30
8,https://media.example.com/v/111,2026-04-08 10:36:04
120,https://media.example.com/v/280,2026-04-08 10:40:02
109,https://media.example.com/v/259,2026-04-08 10:37:54
142,https://media.example.com/v/365,2026-04-08 10:39:45
150,https://media.example.com/v/171,2026-04-08 10:36:45
29,https://media.example.com/v/310,2026-04-08 10:39:04
111,https://media.example.com/v/374,2026-04-08 10:39:26
57,https://media.example.com/v/513,2026-04-08 10:39:18
108,https://media.example.com/v/538,2026-04-08 10:41:29
6,https://media.example.com/v/531,2026-04-08 10:40:43
73,https://media.example.com/v/160,2026-04-08 10:35:59
64,https://media.example.com/v/146,2026-04-08 10:37:09
31,https://media.example.com/v/180,2026-04-08 10:37:20
61,https://media.example.com/v/323,2026-04-08 10:40:31
26,https://media.example.com/v/77,2026-04-08 10:36:24
49,https://media.example.com/v/104,2026-04-08 10:38:41
123,https://media.example.com/v/220,2026-04-08 10:39:39
8,https://media.example.com/v/399,2026-04-08 10:39:24
98,https://media.example.com/v/403,2026-04-08 10:37:00
138,https://media.example.com/v/567,2026-04-08 10:41:13
59,https://media.example.com/v/54,2026-04-08 10:41:28
125,https://media.example.com/v/142,2026-04-08 10:37:49
100,https://media.example.com/v/106,2026-04-08 10:40:16
93,https://media.example.com/v/226,2026-04-08 10:36:35
16,https://media.example.com/v/33,2026-04-08 10:36:50
13,https://media.example.com/v/128,2026-04-08 10:41:30
140,https://media.example.com/v/104,2026-04-08 10:36:20
15,https://media.example.com/v/177,2026-04-08 10:41:19
111,https://media.example.com/v/531,2026-04-08 10:37:03
65,https://media.example.com/v/7,2026-04-08 10:38:20
38,https://media.example.com/v/556,2026-04-08 10:36:47
92,https://media.example.com/v/86,2026-04-08 10:41:05
39,https://media.example.com/v/328,2026-04-08 10:39:43
14,https://media.example.com/v/484,2026-04-08 10:38:26
122,https://media.example.com/v/490,2026-04-08 10:38:03
133,https://media.example.com/v/154,2026-04-08 10:39:59
17,https://media.example.com/v/442,2026-04-08 10:39:45
111,https://media.example.com/v/420,2026-04-08 10:39:48
80,https://media.example.com/v/2,2026-04-08 10:36:56
46,https://media.example.com/v/52,2026-04-08 10:36:00
10,https://media.example.com/v/451,2026-04-08 10:38:00
20,https://media.example.com/v/71,2026-04-08 10:36:36
76,https://media.example.com/v/408,2026-04-08 10:40:52
55,https://media.example.com/v/497,2026-04-08 10:40:39
84,https://media.example.com/v/503,2026-04-08 10:39:07
120,https://media.example.com/v/11,2026-04-08 10:36:15
138,https://media.example.com/v/219,2026-04-08 10:40:27
81,https://media.example.com/v/42,2026-04-08 10:40:59
85,https://media.example.com/v/317,2026-04-08 10:36:38
96,https://media.example.com/v/554,2026-04-08 10:37:02
140,https://media.example.com/v/63,2026-04-08 10:38:21
84,https://media.example.com/v/321,2026-04-08 10:36:48
73,https://media.example.com/v/133,2026-04-08 10:39:05
45,https://media.example.com/v/249,2026-04-08 10:37:34
88,https://media.example.com/v/365,2026-04-08 10:41:20
19,https://media.example.com/v/522,2026-04-08 10:39:22
47,https://media.example.com/v/173,2026-04-08 10:37:58
111,https://media.example.com/v/6,2026-04-08 10:37:48
150,https://media.example.com/v/349,2026-04-08 10:36:09
44,https://media.example.com/v/62,2026-04-08 10:41:12
100,https://media.example.com/v/427,2026-04-08 10:37:34
103,https://media.example.com/v/135,2026-04-08 10:41:33
73,https://media.example.com/v/84,2026-04-08 10:41:09
128,https://media.example.com/v/90,2026-04-08 10:40:23
117,https://media.example.com/v/188,2026-04-08 10:38:36
53,https://media.example.com/v/215,2026-04-08 10:37:36
54,https://media.example.com/v/488,2026-04-08 10:38:58
87,https://media.example.com/v/373,2026-04-08 10:38:34
68,https://media.example.com/v/486,2026-04-08 10:38:22
144,https://media.example.com/v/290,2026-04-08 10:35:59
87,https://media.example.com/v/117,2026-04-08 10:37:20
148,https://media.example.com/v/44,2026-04-08 10:37:50
59,https://media.example.com/v/419,2026-04-08 10:35:53
73,https://media.example.com/v/395,2026-04-08 10:40:02
145,https://media.example.com/v/586,2026-04-08 10:36:06
109,https://media.example.com/v/525,2026-04-08 10:36:25
149,https://media.example.com/v/137,2026-04-08 10:40:31
33,https://media.example.com/v/215,2026-04-08 10:40:00
11,https://media.example.com/v/526,2026-04-08 10:41:07
59,https://media.example.com/v/236,2026-04-08 10:36:15
43,https://media.example.com/v/561,2026-04-08 10:37:53
115,https://media.example.com/v/324,2026-04-08 10:39:24
39,https://media.example.com/v/406,2026-04-08 10:37:37
109,https://media.example.com/v/361,2026-04-08 10:41:32
75,https://media.example.com/v/26,2026-04-08 10:40:04
36,https://media.example.com/v/366,2026-04-08 10:36:16
131,https://media.example.com/v/554,2026-04-08 10:36:23
103,https://media.example.com/v/239,2026-04-08 10:40:35
69,https://media.example.com/v/216,2026-04-08 10:37:41
18,https://media.example.com/v/308,2026-04-08 10:39:06
94,https://media.example.com/v/49,2026-04-08 10:36:56
121,https://media.example.com/v/55,2026-04-08 10:39:47
34,https://media.example.com/v/369,2026-04-08 10:40:50
61,https://media.example.com/v/50,2026-04-08 10:39:55
89,https://media.example.com/v/336,2026-04-08 10:36:31
88,https://media.example.com/v/533,2026-04-08 10:36:52
92,https://media.example.com/v/94,2026-04-08 10:36:59
130,https://media.example.com/v/278,2026-04-08 10:39:30
13,https://media.example.com/v/78,2026-04-08 10:38:33
2,https://media.example.com/v/123,2026-04-08 10:41:38
75,https://media.example.com/v/285,2026-04-08 10:40:39
109,https://media.example.com/v/556,2026-04-08 10:36:12
105,https://media.example.com/v/3,2026-04-08 10:40:52
84,https://media.example.com/v/542,2026-04-08 10:36:20
74,https://media.example.com/v/46,2026-04-08 10:40:09
123,https://media.example.com/v/234,2026-04-08 10:39:37
49,https://media.example.com/v/592,2026-04-08 10:35:57
90,https://media.example.com/v/34,2026-04-08 10:40:39
124,https://media.example.com/v/200,2026-04-08 10:39:51
6,https://media.example.com/v/94,2026-04-08 10:38:46
107,https://media.example.com/v/402,2026-04-08 10:38:07
132,https://media.example.com/v/145,2026-04-08 10:37:49
114,https://media.example.com/v/588,2026-04-08 10:38:51
82,https://media.example.com/v/95,2026-04-08 10:39:36
128,https://media.example.com/v/95,2026-04-08 10:41:06
150,https://media.example.com/v/336,2026-04-08 10:36:55
14,https://media.example.com/v/354,2026-04-08 10:36:29
108,https://media.example.com/v/67,2026-04-08 10:37:19
112,https://media.example.com/v/473,2026-04-08 10:38:57
35,https://media.example.com/v/49,2026-04-08 10:39:32
47,https://media.example.com/v/310,2026-04-08 10:38:07
75,https://media.example.com/v/439,2026-04-08 10:37:13
94,https://media.example.com/v/468,2026-04-08 10:40:39
45,https://media.example.com/v/67,2026-04-08 10:38:19
85,https://media.example.com/v/349,2026-04-08 10:40:45
100,https://media.example.com/v/518,2026-04-08 10:40:49
39,https://media.example.com/v/540,2026-04-08 10:38:35
15,https://media.example.com/v/121,2026-04-08 10:40:21
95,https://media.example.com/v/94,2026-04-08 10:36:52
31,https://media.example.com/v/460,2026-04-08 10:38:31
1,https://media.example.com/v/163,2026-04-08 10:39:34
112,https://media.example.com/v/36,2026-04-08 10:38:27
120,https://media.example.com/v/33,2026-04-08 10:40:25
14,https://media.example.com/v/542,2026-04-08 10:37:06
57,https://media.example.com/v/307,2026-04-08 10:39:55
111,https://media.example.com/v/72,2026-04-08 10:40:57
27,https://media.example.com/v/490,2026-04-08 10:40:36
25,https://media.example.com/v/212,2026-04-08 10:37:59
137,https://media.example.com/v/263,2026-04-08 10:39:31
33,https://media.example.com/v/599,2026-04-08 10:41:01
26,https://media.example.com/v/393,2026-04-08 10:35:48
80,https://media.example.com/v/216,2026-04-08 10:39:38
12,https://media.example.com/v/184,2026-04-08 10:35:58
58,https://media.example.com/v/313,2026-04-08 10:35:56
140,https://media.example.com/v/358,2026-04-08 10:37:54
41,https://media.example.com/v/408,2026-04-08 10:40:43
73,https://media.example.com/v/314,2026-04-08 10:39:43
8,https://media.example.com/v/199,2026-04-08 10:40:08
82,https://media.example.com/v/299,2026-04-08 10:36:26
124,https://media.example.com/v/282,2026-04-08 10:36:26
136,https://media.example.com/v/118,2026-04-08 10:41:06
119,https://media.example.com/v/537,2026-04-08 10:41:04
143,https://media.example.com/v/520,2026-04-08 10:37:13
8,https://media.example.com/v/216,2026-04-08 10:40:27
68,https://media.example.com/v/81,2026-04-08 10:36:54
142,https://media.example.com/v/427,2026-04-08 10:36:59
75,https://media.example.com/v/294,2026-04-08 10:39:40
38,https://media.example.com/v/289,2026-04-08 10:38:57
17,https://media.example.com/v/322,2026-04-08 10:37:08
18,https://media.example.com/v/466,2026-04-08 10:35:50
29,https://media.example.com/v/266,2026-04-08 10:40:13
47,https://media.example.com/v/312,2026-04-08 10:40:30
133,https://media.example.com/v/549,2026-04-08 10:36:29
60,https://media.example.com/v/302,2026-04-08 10:39:37
114,https://media.example.com/v/322,2026-04-08 10:39:46
126,https://media.example.com/v/523,2026-04-08 10:41:19
111,https://media.example.com/v/458,2026-04-08 10:41:30
22,https://media.example.com/v/281,2026-04-08 10:41:33
132,https://media.example.com/v/157,2026-04-08 10:39:13
119,https://media.example.com/v/599,2026-04-08 10:36:46
40,https://media.example.com/v/443,2026-04-08 10:36:17
121,https://media.example.com/v/139,2026-04-08 10:37:43
91,https://media.example.com/v/458,2026-04-08 10:37:59
11,https://media.example.com/v/147,2026-04-08 10:36:31
145,https://media.example.com/v/435,2026-04-08 10:38:01
69,https://media.example.com/v/301,2026-04-08 10:35:54
96,https://media.example.com/v/586,2026-04-08 10:37:03
122,https://media.example.com/v/138,2026-04-08 10:40:34
102,https://media.example.com/v/431,2026-04-08 10:36:21
81,https://media.example.com/v/280,2026-04-08 10:39:24
12,https://media.example.com/v/599,2026-04-08 10:40:52
38,https://media.example.com/v/394,2026-04-08 10:35:48
36,https://media.example.com/v/232,2026-04-08 10:41:20
106,https://media.example.com/v/155,2026-04-08 10:39:20
20,https://media.example.com/v/140,2026-04-08 10:39:06
69,https://media.example.com/v/490,2026-04-08 10:36:12
102,https://media.example.com/v/274,2026-04-08 10:36:57
21,https://media.example.com/v/381,2026-04-08 10:36:55
38,https://media.example.com/v/165,2026-04-08 10:41:01
131,https://media.example.com/v/231,2026-04-08 10:39:24
57,https://media.example.com/v/519,2026-04-08 10:37:47
61,https://media.example.com/v/452,2026-04-08 10:38:11
126,https://media.example.com/v/103,2026-04-08 10:38:25
125,https://media.example.com/v/537,2026-04-08 10:37:05
93,https://media.example.com/v/211,2026-04-08 10:37:24
130,https://media.example.com/v/177,2026-04-08 10:38:25
41,https://media.example.com/v/435,2026-04-08 10:37:09
99,https://media.example.com/v/333,2026-04-08 10:40:30
93,https://media.example.com/v/290,2026-04-08 10:37:05
26,https://media.example.com/v/345,2026-04-08 10:38:01
130,https://media.example.com/v/94,2026-04-08 10:37:44
47,https://media.example.com/v/154,2026-04-08 10:40:53
121,https://media.example.com/v/219,2026-04-08 10:37:41
52,https://media.example.com/v/139,2026-04-08 10:36:35
82,https://media.example.com/v/204,2026-04-08 10:36:59
130,https://media.example.com/v/230,2026-04-08 10:36:20
17,https://media.example.com/v/364,2026-04-08 10:40:34
50,https://media.example.com/v/595,2026-04-08 10:39:17
31,https://media.example.com/v/492,2026-04-08 10:37:31
86,https://media.example.com/v/211,2026-04-08 10:36:04
17,https://media.example.com/v/286,2026-04-08 10:37:19
12,https://media.example.com/v/282,2026-04-08 10:36:26
128,https://media.example.com/v/253,2026-04-08 10:37:49
111,https://media.example.com/v/483,2026-04-08 10:37:08
95,https://media.example.com/v/465,2026-04-08 10:40:15
74,https://media.example.com/v/44,2026-04-08 10:37:13
88,https://media.example.com/v/185,2026-04-08 10:38:54
25,https://media.example.com/v/379,2026-04-08 10:37:29
48,https://media.example.com/v/74,2026-04-08 10:36:06
25,https://media.example.com/v/297,2026-04-08 10:35:52
63,https://media.example.com/v/169,2026-04-08 10:36:33
20,https://media.example.com/v/80,2026-04-08 10:39:57
107,https://media.example.com/v/276,2026-04-08 10:40:04
5,https://media.example.com/v/495,2026-04-08 10:38:49
28,https://media.example.com/v/201,2026-04-08 10:41:36
103,https://media.example.com/v/13,2026-04-08 10:39:56
112,https://media.example.com/v/561,2026-04-08 10:37:07
6,https://media.example.com/v/120,2026-04-08 10:36:14
36,https://media.example.com/v/4,2026-04-08 10:38:11
3,https://media.example.com/v/87,2026-04-08 10:40:40
139,https://media.example.com/v/130,2026-04-08 10:39:17
42,https://media.example.com/v/169,2026-04-08 10:40:49
105,https://media.example.com/v/136,2026-04-08 10:39:23
88,https://media.example.com/v/596,2026-04-08 10:39:41
48,https://media.example.com/v/326,2026-04-08 10:40:59
125,https://media.example.com/v/67,2026-04-08 10:36:37
21,https://media.example.com/v/111,2026-04-08 10:40:07
108,https://media.example.com/v/511,2026-04-08 10:38:56
12,https://media.example.com/v/358,2026-04-08 10:39:21
86,https://media.example.com/v/434,2026-04-08 10:35:57
4,https://media.example.com/v/553,2026-04-08 10:37:52
60,https://media.example.com/v/274,2026-04-08 10:37:09
110,https://media.example.com/v/541,2026-04-08 10:41:43
72,https://media.example.com/v/161,2026-04-08 10:40:37
95,https://media.example.com/v/219,2026-04-08 10:36:21
59,https://media.example.com/v/514,2026-04-08 10:41:14
77,https://media.example.com/v/243,2026-04-08 10:37:29
55,https://media.example.com/v/399,2026-04-08 10:38:34
92,https://media.example.com/v/76,2026-04-08 10:41:08
39,https://media.example.com/v/74,2026-04-08 10:37:51
132,https://media.example.com/v/83,2026-04-08 10:41:02
42,https://media.example.com/v/98,2026-04-08 10:38:05
72,https://media.example.com/v/16,2026-04-08 10:39:36
96,https://media.example.com/v/23,2026-04-08 10:41:16
18,https://media.example.com/v/51,2026-04-08 10:37:57
73,https://media.example.com/v/546,2026-04-08 10:39:40
73,https://media.example.com/v/13,2026-04-08 10:38:47
98,https://media.example.com/v/79,2026-04-08 10:36:46
5,https://media.example.com/v/190,2026-04-08 10:39:47
29,https://media.example.com/v/333,2026-04-08 10:36:40
85,https://media.example.com/v/363,2026-04-08 10:36:59
110,https://media.example.com/v/563,2026-04-08 10:37:32
150,https://media.example.com/v/378,2026-04-08 10:36:52
21,https://media.example.com/v/560,2026-04-08 10:37:47
120,https://media.example.com/v/502,2026-04-08 10:39:18
64,https://media.example.com/v/421,2026-04-08 10:37:27
23,https://media.example.com/v/580,2026-04-08 10:38:25
11,https://media.example.com/v/307,2026-04-08 10:38:47
105,https://media.example.com/v/193,2026-04-08 10:41:11
95,https://media.example.com/v/584,2026-04-08 10:38:35
119,https://media.example.com/v/181,2026-04-08 10:36:50
78,https://media.example.com/v/409,2026-04-08 10:37:32
83,https://media.example.com/v/318,2026-04-08 10:35:58
112,https://media.example.com/v/431,2026-04-08 10:40:59
130,https://media.example.com/v/381,2026-04-08 10:38:59
41,https://media.example.com/v/540,2026-04-08 10:39:55
134,https://media.example.com/v/455,2026-04-08 10:36:21
73,https://media.example.com/v/103,2026-04-08 10:35:58
138,https://media.example.com/v/312,2026-04-08 10:37:47
64,https://media.example.com/v/549,2026-04-08 10:40:31
108,https://media.example.com/v/358,2026-04-08 10:38:18
146,https://media.example.com/v/301,2026-04-08 10:36:32
129,https://media.example.com/v/290,2026-04-08 10:39:55
46,https://media.example.com/v/511,2026-04-08 10:40:55
139,https://media.example.com/v/530,2026-04-08 10:36:28
52,https://media.example.com/v/264,2026-04-08 10:39:22
126,https://media.example.com/v/476,2026-04-08 10:36:37
42,https://media.example.com/v/325,2026-04-08 10:40:48
135,https://media.example.com/v/532,2026-04-08 10:40:58
9,https://media.example.com/v/20,2026-04-08 10:39:33
119,https://media.example.com/v/20,2026-04-08 10:41:16
46,https://media.example.com/v/36,2026-04-08 10:40:20
125,https://media.example.com/v/202,2026-04-08 10:36:33
63,https://media.example.com/v/219,2026-04-08 10:40:10
84,https://media.example.com/v/537,2026-04-08 10:39:12
45,https://media.example.com/v/12,2026-04-08 10:38:03
49,https://media.example.com/v/327,2026-04-08 10:40:03
78,https://media.example.com/v/265,2026-04-08 10:38:29
74,https://media.example.com/v/264,2026-04-08 10:40:05
4,https://media.example.com/v/391,2026-04-08 10:39:15
112,https://media.example.com/v/228,2026-04-08 10:38:55
40,https://media.example.com/v/589,2026-04-08 10:37:14
125,https://media.example.com/v/510,2026-04-08 10:35:49
24,https://media.example.com/v/429,2026-04-08 10:36:01
139,https://media.example.com/v/162,2026-04-08 10:36:24
84,https://media.example.com/v/486,2026-04-08 10:40:54
73,https://media.example.com/v/54,2026-04-08 10:37:41
94,https://media.example.com/v/494,2026-04-08 10:37:32
4,https://media.example.com/v/418,2026-04-08 10:40:33
30,https://media.example.com/v/187,2026-04-08 10:37:42
115,https://media.example.com/v/430,2026-04-08 10:40:03
75,https://media.example.com/v/303,2026-04-08 10:41:44
127,https://media.example.com/v/96,2026-04-08 10:40:06
79,https://media.example.com/v/85,2026-04-08 10:39:45
105,https://media.example.com/v/11,2026-04-08 10:39:24
59,https://media.example.com/v/420,2026-04-08 10:39:30
75,https://media.example.com/v/11,2026-04-08 10:39:39
78,https://media.example.com/v/567,2026-04-08 10:37:03
9,https://media.example.com/v/176,2026-04-08 10:41:06
11,https://media.example.com/v/486,2026-04-08 10:41:15
89,https://media.example.com/v/399,2026-04-08 10:35:49
53,https://media.example.com/v/412,2026-04-08 10:38:58
100,https://media.example.com/v/7,2026-04-08 10:37:41
104,https://media.example.com/v/544,2026-04-08 10:38:35
84,https://media.example.com/v/424,2026-04-08 10:40:55
129,https://media.example.com/v/138,2026-04-08 10:41:29
65,https://media.example.com/v/188,2026-04-08 10:37:33
102,https://media.example.com/v/443,2026-04-08 10:35:55
92,https://media.example.com/v/275,2026-04-08 10:37:36
54,https://media.example.com/v/167,2026-04-08 10:37:47
127,https://media.example.com/v/89,2026-04-08 10:37:17
38,https://media.example.com/v/420,2026-04-08 10:38:52
29,https://media.example.com/v/285,2026-04-08 10:37:21
94,https://media.example.com/v/398,2026-04-08 10:40:27
70,https://media.example.com/v/13,2026-04-08 10:35:58
72,https://media.example.com/v/73,2026-04-08 10:38:04
147,https://media.example.com/v/508,2026-04-08 10:39:36
108,https://media.example.com/v/405,2026-04-08 10:39:18
122,https://media.example.com/v/294,2026-04-08 10:38:56
143,https://media.example.com/v/358,2026-04-08 10:41:01
55,https://media.example.com/v/81,2026-04-08 10:38:40
9,https://media.example.com/v/116,2026-04-08 10:40:33
60,https://media.example.com/v/235,2026-04-08 10:39:17
93,https://media.example.com/v/496,2026-04-08 10:37:49
37,https://media.example.com/v/2,2026-04-08 10:38:58
141,https://media.example.com/v/171,2026-04-08 10:40:19
15,https://media.example.com/v/270,2026-04-08 10:36:44
30,https://media.example.com/v/556,2026-04-08 10:38:06
1,https://media.example.com/v/466,2026-04-08 10:40:20
131,https://media.example.com/v/541,2026-04-08 10:39:55
117,https://media.example.com/v/259,2026-04-08 10:37:28
53,https://media.example.com/v/576,2026-04-08 10:37:10
32,https://media.example.com/v/203,2026-04-08 10:38:23
37,https://media.example.com/v/183,2026-04-08 10:37:42
40,https://media.example.com/v/34,2026-04-08 10:36:18
46,https://media.example.com/v/573,2026-04-08 10:40:10
11,https://media.example.com/v/539,2026-04-08 10:41:22
18,https://media.example.com/v/121,2026-04-08 10:36:38
9,https://media.example.com/v/277,2026-04-08 10:36:54
140,https://media.example.com/v/253,2026-04-08 10:39:21
36,https://media.example.com/v/522,2026-04-08 10:37:50
14,https://media.example.com/v/147,2026-04-08 10:39:52
133,https://media.example.com/v/455,2026-04-08 10:40:21
7,https://media.example.com/v/274,2026-04-08 10:39:16
69,https://media.example.com/v/299,2026-04-08 10:41:29
111,https://media.example.com/v/347,2026-04-08 10:38:41
96,https://media.example.com/v/173,2026-04-08 10:39:20
77,https://media.example.com/v/487,2026-04-08 10:36:30
81,https://media.example.com/v/334,2026-04-08 10:40:04
72,https://media.example.com/v/229,2026-04-08 10:36:33
39,https://media.example.com/v/166,2026-04-08 10:37:25
116,https://media.example.com/v/376,2026-04-08 10:41:17
70,https://media.example.com/v/558,2026-04-08 10:39:09
20,https://media.example.com/v/406,2026-04-08 10:41:28
46,https://media.example.com/v/192,2026-04-08 10:37:45
135,https://media.example.com/v/338,2026-04-08 10:37:51
23,https://media.example.com/v/410,2026-04-08 10:40:04
56,https://media.example.com/v/280,2026-04-08 10:41:39
89,https://media.example.com/v/334,2026-04-08 10:41:06
15,https://media.example.com/v/402,2026-04-08 10:36:38
93,https://media.example.com/v/251,2026-04-08 10:36:41
63,https://media.example.com/v/135,2026-04-08 10:41:20
96,https://media.example.com/v/340,2026-04-08 10:37:35
97,https://media.example.com/v/249,2026-04-08 10:36:11
32,https://media.example.com/v/229,2026-04-08 10:37:43
56,https://media.example.com/v/72,2026-04-08 10:39:54
89,https://media.example.com/v/555,2026-04-08 10:38:19
109,https://media.example.com/v/379,2026-04-08 10:41:20
47,https://media.example.com/v/372,2026-04-08 10:37:03
134,https://media.example.com/v/210,2026-04-08 10:36:17
114,https://media.example.com/v/439,2026-04-08 10:36:36
140,https://media.example.com/v/174,2026-04-08 10:37:09
45,https://media.example.com/v/387,2026-04-08 10:39:47
96,https://media.example.com/v/442,2026-04-08 10:37:08
122,https://media.example.com/v/425,2026-04-08 10:38:18
36,https://media.example.com/v/268,2026-04-08 10:39:11
141,https://media.example.com/v/321,2026-04-08 10:39:30
8,https://media.example.com/v/377,2026-04-08 10:40:50
26,https://media.example.com/v/381,2026-04-08 10:41:40
17,https://media.example.com/v/120,2026-04-08 10:40:28
127,https://media.example.com/v/275,2026-04-08 10:38:58
112,https://media.example.com/v/530,2026-04-08 10:38:53
16,https://media.example.com/v/113,2026-04-08 10:40:40
136,https://media.example.com/v/572,2026-04-08 10:36:41
9,https://media.example.com/v/3,2026-04-08 10:37:43
11,https://media.example.com/v/360,2026-04-08 10:36:40
102,https://media.example.com/v/474,2026-04-08 10:39:04
68,https://media.example.com/v/261,2026-04-08 10:40:20
65,https://media.example.com/v/427,2026-04-08 10:37:58
18,https://media.example.com/v/326,2026-04-08 10:36:27
95,https://media.example.com/v/473,2026-04-08 10:40:48
46,https://media.example.com/v/94,2026-04-08 10:41:05
141,https://media.example.com/v/62,2026-04-08 10:38:39
143,https://media.example.com/v/568,2026-04-08 10:39:26
64,https://media.example.com/v/280,2026-04-08 10:39:51
127,https://media.example.com/v/138,2026-04-08 10:37:08
121,https://media.example.com/v/512,2026-04-08 10:35:46
53,https://media.example.com/v/246,2026-04-08 10:37:57
13,https://media.example.com/v/335,2026-04-08 10:40:24
134,https://media.example.com/v/275,2026-04-08 10:36:08
130,https://media.example.com/v/360,2026-04-08 10:36:10
145,https://media.example.com/v/297,2026-04-08 10:40:23
122,https://media.example.com/v/319,2026-04-08 10:41:38
108,https://media.example.com/v/151,2026-04-08 10:37:08
19,https://media.example.com/v/515,2026-04-08 10:39:38
33,https://media.example.com/v/394,2026-04-08 10:39:12
137,https://media.example.com/v/398,2026-04-08 10:41:26
134,https://media.example.com/v/173,2026-04-08 10:38:07
59,https://media.example.com/v/239,2026-04-08 10:41:36
72,https://media.example.com/v/279,2026-04-08 10:38:15
76,https://media.example.com/v/414,2026-04-08 10:39:39
24,https://media.example.com/v/461,2026-04-08 10:40:23
60,https://media.example.com/v/224,2026-04-08 10:40:45
10,https://media.example.com/v/288,2026-04-08 10:41:08
104,https://media.example.com/v/414,2026-04-08 10:40:00
134,https://media.example.com/v/394,2026-04-08 10:40:24
128,https://media.example.com/v/351,2026-04-08 10:36:24
134,https://media.example.com/v/332,2026-04-08 10:41:14
28,https://media.example.com/v/499,2026-04-08 10:37:59
50,https://media.example.com/v/414,2026-04-08 10:37:16
110,https://media.example.com/v/6,2026-04-08 10:39:31
75,https://media.example.com/v/30,2026-04-08 10:37:25
63,https://media.example.com/v/567,2026-04-08 10:35:52
44,https://media.example.com/v/487,2026-04-08 10:37:27
139,https://media.example.com/v/199,2026-04-08 10:37:50
124,https://media.example.com/v/573,2026-04-08 10:37:48
96,https://media.example.com/v/563,2026-04-08 10:38:30
43,https://media.example.com/v/95,2026-04-08 10:37:23
150,https://media.example.com/v/265,2026-04-08 10:37:33
110,https://media.example.com/v/325,2026-04-08 10:38:44
50,https://media.example.com/v/384,2026-04-08 10:35:52
89,https://media.example.com/v/445,2026-04-08 10:41:19
142,https://media.example.com/v/44,2026-04-08 10:40:51
69,https://media.example.com/v/176,2026-04-08 10:41:12
122,https://media.example.com/v/82,2026-04-08 10:38:42
146,https://media.example.com/v/52,2026-04-08 10:39:52
125,https://media.example.com/v/379,2026-04-08 10:37:34
55,https://media.example.com/v/423,2026-04-08 10:39:49
40,https://media.example.com/v/597,2026-04-08 10:38:13
130,https://media.example.com/v/137,2026-04-08 10:36:02
101,https://media.example.com/v/149,2026-04-08 10:38:01
88,https://media.example.com/v/351,2026-04-08 10:38:36
134,https://media.example.com/v/498,2026-04-08 10:36:47
118,https://media.example.com/v/591,2026-04-08 10:37:18
53,https://media.example.com/v/334,2026-04-08 10:36:59
133,https://media.example.com/v/597,2026-04-08 10:40:16
149,https://media.example.com/v/177,2026-04-08 10:37:51
67,https://media.example.com/v/6,2026-04-08 10:41:35
51,https://media.example.com/v/171,2026-04-08 10:41:46
117,https://media.example.com/v/565,2026-04-08 10:36:31
64,https://media.example.com/v/43,2026-04-08 10:41:07
68,https://media.example.com/v/137,2026-04-08 10:41:13
59,https://media.example.com/v/176,2026-04-08 10:37:22
59,https://media.example.com/v/8,2026-04-08 10:40:58
74,https://media.example.com/v/5,2026-04-08 10:39:32
141,https://media.example.com/v/579,2026-04-08 10:39:34
41,https://media.example.com/v/89,2026-04-08 10:41:25
113,https://media.example.com/v/598,2026-04-08 10:37:21
10,https://media.example.com/v/221,2026-04-08 10:38:15
45,https://media.example.com/v/342,2026-04-08 10:40:35
65,https://media.example.com/v/278,2026-04-08 10:39:05
7,https://media.example.com/v/567,2026-04-08 10:41:19
77,https://media.example.com/v/208,2026-04-08 10:41:23
33,https://media.example.com/v/503,2026-04-08 10:37:50
52,https://media.example.com/v/18,2026-04-08 10:37:24
63,https://media.example.com/v/184,2026-04-08 10:40:22
71,https://media.example.com/v/33,2026-04-08 10:41:07
135,https://media.example.com/v/62,2026-04-08 10:39:31
122,https://media.example.com/v/600,2026-04-08 10:37:12
82,https://media.example.com/v/187,2026-04-08 10:40:13
21,https://media.example.com/v/547,2026-04-08 10:37:40
124,https://media.example.com/v/174,2026-04-08 10:38:22
18,https://media.example.com/v/347,2026-04-08 10:36:13
10,https://media.example.com/v/197,2026-04-08 10:39:36
22,https://media.example.com/v/564,2026-04-08 10:36:27
24,https://media.example.com/v/229,2026-04-08 10:36:11
85,https://media.example.com/v/496,2026-04-08 10:40:59
9,https://media.example.com/v/37,2026-04-08 10:35:58
91,https://media.example.com/v/102,2026-04-08 10:38:19
119,https://media.example.com/v/387,2026-04-08 10:38:20
49,https://media.example.com/v/26,2026-04-08 10:38:58
80,https://media.example.com/v/327,2026-04-08 10:39:48
125,https://media.example.com/v/595,2026-04-08 10:38:42
140,https://media.example.com/v/560,2026-04-08 10:36:53
130,https://media.example.com/v/271,2026-04-08 10:39:41
9,https://media.example.com/v/29,2026-04-08 10:39:52
91,https://media.example.com/v/308,2026-04-08 10:36:22
144,https://media.example.com/v/534,2026-04-08 10:40:13
78,https://media.example.com/v/315,2026-04-08 10:40:13
34,https://media.example.com/v/494,2026-04-08 10:36:56
5,https://media.example.com/v/355,2026-04-08 10:36:18
137,https://media.example.com/v/155,2026-04-08 10:37:09
45,https://media.example.com/v/29,2026-04-08 10:40:05
27,https://media.example.com/v/255,2026-04-08 10:36:35
25,https://media.example.com/v/87,2026-04-08 10:41:15
22,https://media.example.com/v/60,2026-04-08 10:38:53
86,https://media.example.com/v/115,2026-04-08 10:38:34
32,https://media.example.com/v/475,2026-04-08 10:36:14
104,https://media.example.com/v/193,2026-04-08 10:36:16
109,https://media.example.com/v/214,2026-04-08 10:41:36
57,https://media.example.com/v/299,2026-04-08 10:41:00
19,https://media.example.com/v/350,2026-04-08 10:35:48
28,https://media.example.com/v/294,2026-04-08 10:38:34
136,https://media.example.com/v/107,2026-04-08 10:39:39
102,https://media.example.com/v/461,2026-04-08 10:41:06
36,https://media.example.com/v/581,2026-04-08 10:39:23
98,https://media.example.com/v/233,2026-04-08 10:38:24
77,https://media.example.com/v/63,2026-04-08 10:40:52
86,https://media.example.com/v/301,2026-04-08 10:40:36
58,https://media.example.com/v/582,2026-04-08 10:40:03
16,https://media.example.com/v/84,2026-04-08 10:38:41
25,https://media.example.com/v/104,2026-04-08 10:38:57
11,https://media.example.com/v/189,2026-04-08 10:41:29
77,https://media.example.com/v/209,2026-04-08 10:38:23
99,https://media.example.com/v/2,2026-04-08 10:40:26
16,https://media.example.com/v/190,2026-04-08 10:36:50
129,https://media.example.com/v/309,2026-04-08 10:37:12
122,https://media.example.com/v/590,2026-04-08 10:36:00
113,https://media.example.com/v/257,2026-04-08 10:37:40
72,https://media.example.com/v/238,2026-04-08 10:36:05
77,https://media.example.com/v/27,2026-04-08 10:39:09
118,https://media.example.com/v/310,2026-04-08 10:40:45
45,https://media.example.com/v/493,2026-04-08 10:38:09
147,https://media.example.com/v/410,2026-04-08 10:38:42
105,https://media.example.com/v/303,2026-04-08 10:41:06
60,https://media.example.com/v/272,2026-04-08 10:40:23
129,https://media.example.com/v/460,2026-04-08 10:36:08
121,https://media.example.com/v/376,2026-04-08 10:38:48
147,https://media.example.com/v/340,2026-04-08 10:38:58
100,https://media.example.com/v/179,2026-04-08 10:41:46
127,https://media.example.com/v/346,2026-04-08 10:39:45
25,https://media.example.com/v/334,2026-04-08 10:35:56
94,https://media.example.com/v/423,2026-04-08 10:40:17
118,https://media.example.com/v/354,2026-04-08 10:40:38
99,https://media.example.com/v/95,2026-04-08 10:36:12
124,https://media.example.com/v/418,2026-04-08 10:39:35
110,https://media.example.com/v/241,2026-04-08 10:39:33
114,https://media.example.com/v/451,2026-04-08 10:37:34
77,https://media.example.com/v/492,2026-04-08 10:37:25
1,https://media.example.com/v/476,2026-04-08 10:41:35
26,https://media.example.com/v/107,2026-04-08 10:38:53
22,https://media.example.com/v/56,2026-04-08 10:38:19
91,https://media.example.com/v/415,2026-04-08 10:37:36
89,https://media.example.com/v/12,2026-04-08 10:41:05
80,https://media.example.com/v/261,2026-04-08 10:39:57
5,https://media.example.com/v/161,2026-04-08 10:37:05
39,https://media.example.com/v/2,2026-04-08 10:41:19
129,https://media.example.com/v/334,2026-04-08 10:35:52
8,https://media.example.com/v/230,2026-04-08 10:40:43
89,https://media.example.com/v/385,2026-04-08 10:37:48
104,https://media.example.com/v/297,2026-04-08 10:40:25
113,https://media.example.com/v/593,2026-04-08 10:37:58
130,https://media.example.com/v/301,2026-04-08 10:40:13
130,https://media.example.com/v/520,2026-04-08 10:41:14
141,https://media.example.com/v/391,2026-04-08 10:37:32
148,https://media.example.com/v/302,2026-04-08 10:39:49
119,https://media.example.com/v/472,2026-04-08 10:40:49
136,https://media.example.com/v/174,2026-04-08 10:40:50
93,https://media.example.com/v/356,2026-04-08 10:37:54
32,https://media.example.com/v/45,2026-04-08 10:41:10
26,https://media.example.com/v/503,2026-04-08 10:39:48
6,https://media.example.com/v/168,2026-04-08 10:38:21
95,https://media.example.com/v/559,2026-04-08 10:38:55
40,https://media.example.com/v/369,2026-04-08 10:40:17
36,https://media.example.com/v/523,2026-04-08 10:39:26
43,https://media.example.com/v/329,2026-04-08 10:37:32
108,https://media.example.com/v/419,2026-04-08 10:40:36
103,https://media.example.com/v/493,2026-04-08 10:38:23
108,https://media.example.com/v/376,2026-04-08 10:40:00
70,https://media.example.com/v/147,2026-04-08 10:38:09
24,https://media.example.com/v/236,2026-04-08 10:39:10
146,https://media.example.com/v/349,2026-04-08 10:41:07
84,https://media.example.com/v/447,2026-04-08 10:40:12
1,https://media.example.com/v/511,2026-04-08 10:37:04
148,https://media.example.com/v/143,2026-04-08 10:38:55
99,https://media.example.com/v/90,2026-04-08 10:39:18
150,https://media.example.com/v/448,2026-04-08 10:40:30
115,https://media.example.com/v/439,2026-04-08 10:41:21
9,https://media.example.com/v/177,2026-04-08 10:40:26
119,https://media.example.com/v/393,2026-04-08 10:36:28
53,https://media.example.com/v/150,2026-04-08 10:40:55
82,https://media.example.com/v/478,2026-04-08 10:40:21
46,https://media.example.com/v/165,2026-04-08 10:39:18
32,https://media.example.com/v/320,2026-04-08 10:36:52
125,https://media.example.com/v/159,2026-04-08 10:36:53
15,https://media.example.com/v/51,2026-04-08 10:38:29
48,https://media.example.com/v/278,2026-04-08 10:40:56
13,https://media.example.com/v/61,2026-04-08 10:37:51
85,https://media.example.com/v/530,2026-04-08 10:41:07
47,https://media.example.com/v/345,2026-04-08 10:40:56
55,https://media.example.com/v/311,2026-04-08 10:38:36
134,https://media.example.com/v/40,2026-04-08 10:37:04
77,https://media.example.com/v/160,2026-04-08 10:39:51
114,https://media.example.com/v/309,2026-04-08 10:38:09
142,https://media.example.com/v/312,2026-04-08 10:37:28
144,https://media.example.com/v/529,2026-04-08 10:41:37
1,https://media.example.com/v/548,2026-04-08 10:36:39
84,https://media.example.com/v/3,2026-04-08 10:41:46
126,https://media.example.com/v/259,2026-04-08 10:36:25
19,https://media.example.com/v/88,2026-04-08 10:36:30
84,https://media.example.com/v/320,2026-04-08 10:36:44
8,https://media.example.com/v/201,2026-04-08 10:40:18
39,https://media.example.com/v/509,2026-04-08 10:39:37
96,https://media.example.com/v/497,2026-04-08 10:39:53
96,https://media.example.com/v/426,2026-04-08 10:40:36
75,https://media.example.com/v/394,2026-04-08 10:37:20
47,https://media.example.com/v/326,2026-04-08 10:35:56
77,https://media.example.com/v/585,2026-04-08 10:36:46
16,https://media.example.com/v/46,2026-04-08 10:36:05
74,https://media.example.com/v/350,2026-04-08 10:37:07
144,https://media.example.com/v/263,2026-04-08 10:36:03
19,https://media.example.com/v/241,2026-04-08 10:41:45
90,https://media.example.com/v/175,2026-04-08 10:41:37
29,https://media.example.com/v/454,2026-04-08 10:39:35
24,https://media.example.com/v/430,2026-04-08 10:37:10
150,https://media.example.com/v/156,2026-04-08 10:37:37
134,https://media.example.com/v/431,2026-04-08 10:39:19
29,https://media.example.com/v/52,2026-04-08 10:37:22
33,https://media.example.com/v/401,2026-04-08 10:40:55
46,https://media.example.com/v/288,2026-04-08 10:37:53
22,https://media.example.com/v/525,2026-04-08 10:38:22
64,https://media.example.com/v/517,2026-04-08 10:38:06
88,https://media.example.com/v/88,2026-04-08 10:39:05
32,https://media.example.com/v/410,2026-04-08 10:39:25
64,https://media.example.com/v/312,2026-04-08 10:38:31
18,https://media.example.com/v/83,2026-04-08 10:37:22
20,https://media.example.com/v/233,2026-04-08 10:38:56
131,https://media.example.com/v/66,2026-04-08 10:40:53
41,https://media.example.com/v/105,2026-04-08 10:41:13
1,https://media.example.com/v/393,2026-04-08 10:37:36
122,https://media.example.com/v/577,2026-04-08 10:41:16
87,https://media.example.com/v/596,2026-04-08 10:40:39
56,https://media.example.com/v/482,2026-04-08 10:38:05
63,https://media.example.com/v/243,2026-04-08 10:39:35
89,https://media.example.com/v/518,2026-04-08 10:37:53
145,https://media.example.com/v/351,2026-04-08 10:36:33
68,https://media.example.com/v/458,2026-04-08 10:38:39
88,https://media.example.com/v/241,2026-04-08 10:40:57
74,https://media.example.com/v/117,2026-04-08 10:36:48
111,https://media.example.com/v/106,2026-04-08 10:41:31
49,https://media.example.com/v/184,2026-04-08 10:39:55
3,https://media.example.com/v/13,2026-04-08 10:36:36
75,https://media.example.com/v/215,2026-04-08 10:37:44
124,https://media.example.com/v/261,2026-04-08 10:36:53
12,https://media.example.com/v/420,2026-04-08 10:36:53
78,https://media.example.com/v/554,2026-04-08 10:38:00
116,https://media.example.com/v/556,2026-04-08 10:39:27
146,https://media.example.com/v/475,2026-04-08 10:38:17
40,https://media.example.com/v/413,2026-04-08 10:40:33
63,https://media.example.com/v/496,2026-04-08 10:40:26
18,https://media.example.com/v/508,2026-04-08 10:36:41
52,https://media.example.com/v/402,2026-04-08 10:41:32
61,https://media.example.com/v/443,2026-04-08 10:37:29
37,https://media.example.com/v/414,2026-04-08 10:39:15
50,https://media.example.com/v/351,2026-04-08 10:39:27
3,https://media.example.com/v/161,2026-04-08 10:37:46
125,https://media.example.com/v/360,2026-04-08 10:38:00
39,https://media.example.com/v/302,2026-04-08 10:39:36
146,https://media.example.com/v/223,2026-04-08 10:40:06
4,https://media.example.com/v/570,2026-04-08 10:39:19
64,https://media.example.com/v/179,2026-04-08 10:35:53
103,https://media.example.com/v/327,2026-04-08 10:39:57
57,https://media.example.com/v/439,2026-04-08 10:37:50
101,https://media.example.com/v/540,2026-04-08 10:39:43
111,https://media.example.com/v/47,2026-04-08 10:37:44
122,https://media.example.com/v/101,2026-04-08 10:37:54
140,https://media.example.com/v/76,2026-04-08 10:39:17
24,https://media.example.com/v/428,2026-04-08 10:37:27
117,https://media.example.com/v/129,2026-04-08 10:36:14
110,https://media.example.com/v/53,2026-04-08 10:41:07
72,https://media.example.com/v/225,2026-04-08 10:41:07
60,https://media.example.com/v/81,2026-04-08 10:38:12
78,https://media.example.com/v/235,2026-04-08 10:36:22
52,https://media.example.com/v/563,2026-04-08 10:37:55
44,https://media.example.com/v/499,2026-04-08 10:37:59
85,https://media.example.com/v/540,2026-04-08 10:36:15
131,https://media.example.com/v/107,2026-04-08 10:39:34
7,https://media.example.com/v/420,2026-04-08 10:38:32
38,https://media.example.com/v/349,2026-04-08 10:39:36
60,https://media.example.com/v/393,2026-04-08 10:41:38
13,https://media.example.com/v/334,2026-04-08 10:37:20
50,https://media.example.com/v/69,2026-04-08 10:36:13
143,https://media.example.com/v/20,2026-04-08 10:37:29
114,https://media.example.com/v/17,2026-04-08 10:38:45
73,https://media.example.com/v/406,2026-04-08 10:38:48
50,https://media.example.com/v/77,2026-04-08 10:41:40
103,https://media.example.com/v/38,2026-04-08 10:37:33
148,https://media.example.com/v/515,2026-04-08 10:38:21
24,https://media.example.com/v/37,2026-04-08 10:41:42
7,https://media.example.com/v/354,2026-04-08 10:37:47
115,https://media.example.com/v/490,2026-04-08 10:37:00
77,https://media.example.com/v/586,2026-04-08 10:41:46
42,https://media.example.com/v/471,2026-04-08 10:39:37
128,https://media.example.com/v/35,2026-04-08 10:41:32
84,https://media.example.com/v/38,2026-04-08 10:39:03
98,https://media.example.com/v/579,2026-04-08 10:40:44
88,https://media.example.com/v/517,2026-04-08 10:35:46
78,https://media.example.com/v/483,2026-04-08 10:38:29
135,https://media.example.com/v/254,2026-04-08 10:39:03
51,https://media.example.com/v/85,2026-04-08 10:40:15
2,https://media.example.com/v/489,2026-04-08 10:37:17
25,https://media.example.com/v/493,2026-04-08 10:37:31
144,https://media.example.com/v/297,2026-04-08 10:41:19
15,https://media.example.com/v/266,2026-04-08 10:39:43
93,https://media.example.com/v/102,2026-04-08 10:37:50
41,https://media.example.com/v/46,2026-04-08 10:40:30
112,https://media.example.com/v/363,2026-04-08 10:35:47
78,https://media.example.com/v/79,2026-04-08 10:38:02
21,https://media.example.com/v/60,2026-04-08 10:38:34
132,https://media.example.com/v/162,2026-04-08 10:37:22
28,https://media.example.com/v/312,2026-04-08 10:36:31
73,https://media.example.com/v/331,2026-04-08 10:40:06
34,https://media.example.com/v/575,2026-04-08 10:40:56
87,https://media.example.com/v/192,2026-04-08 10:40:00
132,https://media.example.com/v/482,2026-04-08 10:35:56
88,https://media.example.com/v/435,2026-04-08 10:41:38
142,https://media.example.com/v/221,2026-04-08 10:36:18
17,https://media.example.com/v/16,2026-04-08 10:38:09
136,https://media.example.com/v/295,2026-04-08 10:40:43
61,https://media.example.com/v/309,2026-04-08 10:39:21
15,https://media.example.com/v/81,2026-04-08 10:38:41
62,https://media.example.com/v/167,2026-04-08 10:39:22
33,https://media.example.com/v/460,2026-04-08 10:38:26
26,https://media.example.com/v/407,2026-04-08 10:40:44
105,https://media.example.com/v/499,2026-04-08 10:36:01
134,https://media.example.com/v/235,2026-04-08 10:39:45
69,https://media.example.com/v/238,2026-04-08 10:38:01
121,https://media.example.com/v/492,2026-04-08 10:37:37
147,https://media.example.com/v/310,2026-04-08 10:38:06
129,https://media.example.com/v/335,2026-04-08 10:39:23
93,https://media.example.com/v/382,2026-04-08 10:41:05
106,https://media.example.com/v/20,2026-04-08 10:39:58
150,https://media.example.com/v/303,2026-04-08 10:37:40
78,https://media.example.com/v/513,2026-04-08 10:38:04
38,https://media.example.com/v/273,2026-04-08 10:41:40
51,https://media.example.com/v/409,2026-04-08 10:41:24
81,https://media.example.com/v/190,2026-04-08 10:37:14
21,https://media.example.com/v/499,2026-04-08 10:40:37
30,https://media.example.com/v/58,2026-04-08 10:40:55
15,https://media.example.com/v/473,2026-04-08 10:36:20
80,https://media.example.com/v/129,2026-04-08 10:40:45
118,https://media.example.com/v/45,2026-04-08 10:38:55
77,https://media.example.com/v/477,2026-04-08 10:38:39
132,https://media.example.com/v/522,2026-04-08 10:40:20
11,https://media.example.com/v/176,2026-04-08 10:41:09
61,https://media.example.com/v/203,2026-04-08 10:40:47
144,https://media.example.com/v/577,2026-04-08 10:37:27
118,https://media.example.com/v/234,2026-04-08 10:37:43
101,https://media.example.com/v/378,2026-04-08 10:36:43
114,https://media.example.com/v/396,2026-04-08 10:37:56
43,https://media.example.com/v/433,2026-04-08 10:39:05
58,https://media.example.com/v/81,2026-04-08 10:41:46
83,https://media.example.com/v/580,2026-04-08 10:39:19
26,https://media.example.com/v/30,2026-04-08 10:40:57
75,https://media.example.com/v/375,2026-04-08 10:39:55
120,https://media.example.com/v/343,2026-04-08 10:39:50
81,https://media.example.com/v/333,2026-04-08 10:39:03
51,https://media.example.com/v/75,2026-04-08 10:41:21
10,https://media.example.com/v/528,2026-04-08 10:38:42
84,https://media.example.com/v/527,2026-04-08 10:37:45
12,https://media.example.com/v/525,2026-04-08 10:37:44
44,https://media.example.com/v/70,2026-04-08 10:35:46
64,https://media.example.com/v/119,2026-04-08 10:40:29
79,https://media.example.com/v/507,2026-04-08 10:38:48
5,https://media.example.com/v/256,2026-04-08 10:37:55
86,https://media.example.com/v/279,2026-04-08 10:37:01
103,https://media.example.com/v/47,2026-04-08 10:40:02
16,https://media.example.com/v/296,2026-04-08 10:36:26
57,https://media.example.com/v/248,2026-04-08 10:36:50
141,https://media.example.com/v/237,2026-04-08 10:39:23
132,https://media.example.com/v/240,2026-04-08 10:37:13
36,https://media.example.com/v/400,2026-04-08 10:37:05
61,https://media.example.com/v/569,2026-04-08 10:39:06
1,https://media.example.com/v/581,2026-04-08 10:41:37
49,https://media.example.com/v/5,2026-04-08 10:37:26
59,https://media.example.com/v/193,2026-04-08 10:40:58
84,https://media.example.com/v/226,2026-04-08 10:39:33
148,https://media.example.com/v/330,2026-04-08 10:35:56
56,https://media.example.com/v/583,2026-04-08 10:37:52
3,https://media.example.com/v/470,2026-04-08 10:41:10
115,https://media.example.com/v/305,2026-04-08 10:40:56
42,https://media.example.com/v/261,2026-04-08 10:39:54
65,https://media.example.com/v/377,2026-04-08 10:37:42
53,https://media.example.com/v/497,2026-04-08 10:39:54
10,https://media.example.com/v/335,2026-04-08 10:36:34
23,https://media.example.com/v/117,2026-04-08 10:37:24
142,https://media.example.com/v/36,2026-04-08 10:40:59
34,https://media.example.com/v/141,2026-04-08 10:40:33
57,https://media.example.com/v/179,2026-04-08 10:39:13
14,https://media.example.com/v/579,2026-04-08 10:36:13
150,https://media.example.com/v/509,2026-04-08 10:35:48
47,https://media.example.com/v/238,2026-04-08 10:40:57
113,https://media.example.com/v/172,2026-04-08 10:39:51
46,https://media.example.com/v/311,2026-04-08 10:39:27
73,https://media.example.com/v/469,2026-04-08 10:36:55
4,https://media.example.com/v/592,2026-04-08 10:38:09
11,https://media.example.com/v/268,2026-04-08 10:39:46
51,https://media.example.com/v/378,2026-04-08 10:36:56
7,https://media.example.com/v/343,2026-04-08 10:39:09
136,https://media.example.com/v/546,2026-04-08 10:40:42
30,https://media.example.com/v/9,2026-04-08 10:39:47
133,https://media.example.com/v/275,2026-04-08 10:40:18
48,https://media.example.com/v/536,2026-04-08 10:40:55
51,https://media.example.com/v/428,2026-04-08 10:37:03
35,https://media.example.com/v/276,2026-04-08 10:37:43
90,https://media.example.com/v/463,2026-04-08 10:37:09
62,https://media.example.com/v/565,2026-04-08 10:36:51
135,https://media.example.com/v/438,2026-04-08 10:37:25
111,https://media.example.com/v/558,2026-04-08 10:36:08
112,https://media.example.com/v/192,2026-04-08 10:36:59
93,https://media.example.com/v/414,2026-04-08 10:39:33
37,https://media.example.com/v/308,2026-04-08 10:37:28
87,https://media.example.com/v/180,2026-04-08 10:39:23
120,https://media.example.com/v/358,2026-04-08 10:37:09
95,https://media.example.com/v/424,2026-04-08 10:40:23
70,https://media.example.com/v/391,2026-04-08 10:36:53
91,https://media.example.com/v/317,2026-04-08 10:37:38
88,https://media.example.com/v/483,2026-04-08 10:37:02
92,https://media.example.com/v/253,2026-04-08 10:40:53
23,https://media.example.com/v/215,2026-04-08 10:38:36
75,https://media.example.com/v/244,2026-04-08 10:35:58
36,https://media.example.com/v/576,2026-04-08 10:41:32
51,https://media.example.com/v/291,2026-04-08 10:36:50
61,https://media.example.com/v/526,2026-04-08 10:40:48
51,https://media.example.com/v/39,2026-04-08 10:41:38
56,https://media.example.com/v/410,2026-04-08 10:41:11
71,https://media.example.com/v/568,2026-04-08 10:37:00
43,https://media.example.com/v/216,2026-04-08 10:39:35
124,https://media.example.com/v/242,2026-04-08 10:39:49
137,https://media.example.com/v/399,2026-04-08 10:40:08
32,https://media.example.com/v/307,2026-04-08 10:37:14
16,https://media.example.com/v/599,2026-04-08 10:40:25
21,https://media.example.com/v/552,2026-04-08 10:38:08
82,https://media.example.com/v/43,2026-04-08 10:40:35
46,https://media.example.com/v/382,2026-04-08 10:40:32
40,https://media.example.com/v/102,2026-04-08 10:35:57
147,https://media.example.com/v/565,2026-04-08 10:36:27
32,https://media.example.com/v/574,2026-04-08 10:40:38
112,https://media.example.com/v/231,2026-04-08 10:38:01
96,https://media.example.com/v/8,2026-04-08 10:37:45
44,https://media.example.com/v/588,2026-04-08 10:41:36
69,https://media.example.com/v/18,2026-04-08 10:36:07
18,https://media.example.com/v/498,2026-04-08 10:37:34
45,https://media.example.com/v/576,2026-04-08 10:40:35
117,https://media.example.com/v/143,2026-04-08 10:37:17
97,https://media.example.com/v/356,2026-04-08 10:41:25
82,https://media.example.com/v/10,2026-04-08 10:38:15
58,https://media.example.com/v/557,2026-04-08 10:41:23
80,https://media.example.com/v/544,2026-04-08 10:38:40
74,https://media.example.com/v/306,2026-04-08 10:38:20
74,https://media.example.com/v/326,2026-04-08 10:38:44
73,https://media.example.com/v/46,2026-04-08 10:38:31
149,https://media.example.com/v/160,2026-04-08 10:38:41
85,https://media.example.com/v/526,2026-04-08 10:35:57
71,https://media.example.com/v/415,2026-04-08 10:40:36
22,https://media.example.com/v/138,2026-04-08 10:40:06
80,https://media.example.com/v/52,2026-04-08 10:36:58
76,https://media.example.com/v/195,2026-04-08 10:39:15
62,https://media.example.com/v/482,2026-04-08 10:35:47
48,https://media.example.com/v/257,2026-04-08 10:38:16
3,https://media.example.com/v/238,2026-04-08 10:40:12
9,https://media.example.com/v/7,2026-04-08 10:41:35
72,https://media.example.com/v/525,2026-04-08 10:37:16
123,https://media.example.com/v/391,2026-04-08 10:40:19
144,https://media.example.com/v/507,2026-04-08 10:41:37
1,https://media.example.com/v/5,2026-04-08 10:38:14
40,https://media.example.com/v/209,2026-04-08 10:39:33
88,https://media.example.com/v/343,2026-04-08 10:37:16
58,https://media.example.com/v/68,2026-04-08 10:36:34
59,https://media.example.com/v/18,2026-04-08 10:38:56
43,https://media.example.com/v/59,2026-04-08 10:35:47
85,https://media.example.com/v/408,2026-04-08 10:38:47
82,https://media.example.com/v/139,2026-04-08 10:39:42
83,https://media.example.com/v/321,2026-04-08 10:40:15
81,https://media.example.com/v/290,2026-04-08 10:39:05
26,https://media.example.com/v/55,2026-04-08 10:38:50
14,https://media.example.com/v/161,2026-04-08 10:39:16
139,https://media.example.com/v/408,2026-04-08 10:39:01
93,https://media.example.com/v/264,2026-04-08 10:37:41
87,https://media.example.com/v/407,2026-04-08 10:37:30
89,https://media.example.com/v/247,2026-04-08 10:41:27
47,https://media.example.com/v/350,2026-04-08 10:40:31
81,https://media.example.com/v/330,2026-04-08 10:39:20
111,https://media.example.com/v/131,2026-04-08 10:35:49
133,https://media.example.com/v/198,2026-04-08 10:40:30
64,https://media.example.com/v/356,2026-04-08 10:36:49
138,https://media.example.com/v/237,2026-04-08 10:38:47
25,https://media.example.com/v/396,2026-04-08 10:41:16
130,https://media.example.com/v/232,2026-04-08 10:39:57
127,https://media.example.com/v/377,2026-04-08 10:41:44
102,https://media.example.com/v/210,2026-04-08 10:38:09
46,https://media.example.com/v/458,2026-04-08 10:41:08
20,https://media.example.com/v/514,2026-04-08 10:39:27
102,https://media.example.com/v/325,2026-04-08 10:41:22
23,https://media.example.com/v/346,2026-04-08 10:39:01
127,https://media.example.com/v/315,2026-04-08 10:39:20
122,https://media.example.com/v/436,2026-04-08 10:40:55
75,https://media.example.com/v/422,2026-04-08 10:38:10
42,https://media.example.com/v/335,2026-04-08 10:37:24
137,https://media.example.com/v/66,2026-04-08 10:38:49
123,https://media.example.com/v/50,2026-04-08 10:41:37
110,https://media.example.com/v/432,2026-04-08 10:36:31
80,https://media.example.com/v/190,2026-04-08 10:40:13
53,https://media.example.com/v/285,2026-04-08 10:38:13
117,https://media.example.com/v/179,2026-04-08 10:40:21
11,https://media.example.com/v/378,2026-04-08 10:38:56
107,https://media.example.com/v/211,2026-04-08 10:36:36
110,https://media.example.com/v/450,2026-04-08 10:35:52
52,https://media.example.com/v/304,2026-04-08 10:40:57
30,https://media.example.com/v/496,2026-04-08 10:40:32
51,https://media.example.com/v/290,2026-04-08 10:36:39
122,https://media.example.com/v/465,2026-04-08 10:37:53
129,https://media.example.com/v/108,2026-04-08 10:37:06
46,https://media.example.com/v/542,2026-04-08 10:41:41
116,https://media.example.com/v/135,2026-04-08 10:37:20
91,https://media.example.com/v/198,2026-04-08 10:36:28
70,https://media.example.com/v/527,2026-04-08 10:39:01
37,https://media.example.com/v/546,2026-04-08 10:36:01
28,https://media.example.com/v/46,2026-04-08 10:36:43
30,https://media.example.com/v/374,2026-04-08 10:36:23
62,https://media.example.com/v/199,2026-04-08 10:39:17
61,https://media.example.com/v/307,2026-04-08 10:41:13
147,https://media.example.com/v/284,2026-04-08 10:39:50
26,https://media.example.com/v/193,2026-04-08 10:38:17
114,https://media.example.com/v/561,2026-04-08 10:37:53
22,https://media.example.com/v/550,2026-04-08 10:35:53
47,https://media.example.com/v/112,2026-04-08 10:41:08
29,https://media.example.com/v/175,2026-04-08 10:37:55
71,https://media.example.com/v/377,2026-04-08 10:36:56
106,https://media.example.com/v/205,2026-04-08 10:38:48
18,https://media.example.com/v/100,2026-04-08 10:36:12
72,https://media.example.com/v/505,2026-04-08 10:39:41
63,https://media.example.com/v/326,2026-04-08 10:41:13
31,https://media.example.com/v/120,2026-04-08 10:40:24
67,https://media.example.com/v/562,2026-04-08 10:40:04
42,https://media.example.com/v/479,2026-04-08 10:36:53
24,https://media.example.com/v/101,2026-04-08 10:41:18
45,https://media.example.com/v/204,2026-04-08 10:36:21
62,https://media.example.com/v/15,2026-04-08 10:40:32
31,https://media.example.com/v/341,2026-04-08 10:39:00
113,https://media.example.com/v/473,2026-04-08 10:38:43
102,https://media.example.com/v/19,2026-04-08 10:39:54
114,https://media.example.com/v/355,2026-04-08 10:40:09
12,https://media.example.com/v/427,2026-04-08 10:35:56
8,https://media.example.com/v/455,2026-04-08 10:38:19
81,https://media.example.com/v/322,2026-04-08 10:39:46
53,https://media.example.com/v/210,2026-04-08 10:38:05
22,https://media.example.com/v/28,2026-04-08 10:38:29
122,https://media.example.com/v/347,2026-04-08 10:40:28
104,https://media.example.com/v/216,2026-04-08 10:37:42
142,https://media.example.com/v/467,2026-04-08 10:40:22
87,https://media.example.com/v/205,2026-04-08 10:40:10
64,https://media.example.com/v/495,2026-04-08 10:38:41
100,https://media.example.com/v/343,2026-04-08 10:37:01
61,https://media.example.com/v/481,2026-04-08 10:38:01
26,https://media.example.com/v/216,2026-04-08 10:37:46
99,https://media.example.com/v/317,2026-04-08 10:38:42
146,https://media.example.com/v/361,2026-04-08 10:37:01
95,https://media.example.com/v/553,2026-04-08 10:36:12
57,https://media.example.com/v/566,2026-04-08 10:40:42
17,https://media.example.com/v/319,2026-04-08 10:38:55
142,https://media.example.com/v/515,2026-04-08 10:38:05
46,https://media.example.com/v/198,2026-04-08 10:39:40
19,https://media.example.com/v/50,2026-04-08 10:38:59
100,https://media.example.com/v/441,2026-04-08 10:36:36
13,https://media.example.com/v/53,2026-04-08 10:38:32
135,https://media.example.com/v/341,2026-04-08 10:37:20
115,https://media.example.com/v/52,2026-04-08 10:38:03
102,https://media.example.com/v/236,2026-04-08 10:41:19
123,https://media.example.com/v/495,2026-04-08 10:38:22
131,https://media.example.com/v/148,2026-04-08 10:38:59
114,https://media.example.com/v/166,2026-04-08 10:37:39
112,https://media.example.com/v/151,2026-04-08 10:37:21
150,https://media.example.com/v/393,2026-04-08 10:39:43
10,https://media.example.com/v/340,2026-04-08 10:37:03
117,https://media.example.com/v/271,2026-04-08 10:37:39
85,https://media.example.com/v/455,2026-04-08 10:38:59
109,https://media.example.com/v/298,2026-04-08 10:36:17
110,https://media.example.com/v/460,2026-04-08 10:38:32
47,https://media.example.com/v/244,2026-04-08 10:36:25
86,https://media.example.com/v/286,2026-04-08 10:39:05
95,https://media.example.com/v/297,2026-04-08 10:41:09
103,https://media.example.com/v/27,2026-04-08 10:37:53
67,https://media.example.com/v/518,2026-04-08 10:36:16
33,https://media.example.com/v/567,2026-04-08 10:39:41
139,https://media.example.com/v/480,2026-04-08 10:38:03
6,https://media.example.com/v/56,2026-04-08 10:41:27
68,https://media.example.com/v/522,2026-04-08 10:39:11
150,https://media.example.com/v/71,2026-04-08 10:39:18
104,https://media.example.com/v/515,2026-04-08 10:41:03
102,https://media.example.com/v/240,2026-04-08 10:36:08
84,https://media.example.com/v/7,2026-04-08 10:37:55
71,https://media.example.com/v/251,2026-04-08 10:41:25
141,https://media.example.com/v/163,2026-04-08 10:38:13
111,https://media.example.com/v/206,2026-04-08 10:39:38
15,https://media.example.com/v/312,2026-04-08 10:38:05
33,https://media.example.com/v/407,2026-04-08 10:41:13
97,https://media.example.com/v/391,2026-04-08 10:38:00
25,https://media.example.com/v/186,2026-04-08 10:41:25
136,https://media.example.com/v/8,2026-04-08 10:38:43
54,https://media.example.com/v/244,2026-04-08 10:39:17
31,https://media.example.com/v/55,2026-04-08 10:39:12
139,https://media.example.com/v/158,2026-04-08 10:40:40
48,https://media.example.com/v/165,2026-04-08 10:40:07
89,https://media.example.com/v/316,2026-04-08 10:38:44
119,https://media.example.com/v/28,2026-04-08 10:36:19
99,https://media.example.com/v/599,2026-04-08 10:36:02
135,https://media.example.com/v/101,2026-04-08 10:36:03
7,https://media.example.com/v/347,2026-04-08 10:41:16
17,https://media.example.com/v/3,2026-04-08 10:40:17
22,https://media.example.com/v/40,2026-04-08 10:37:06
96,https://media.example.com/v/26,2026-04-08 10:40:27
123,https://media.example.com/v/71,2026-04-08 10:41:46
7,https://media.example.com/v/173,2026-04-08 10:37:32
57,https://media.example.com/v/14,2026-04-08 10:39:36
149,https://media.example.com/v/246,2026-04-08 10:37:43
62,https://media.example.com/v/474,2026-04-08 10:36:47
35,https://media.example.com/v/168,2026-04-08 10:41:36
35,https://media.example.com/v/556,2026-04-08 10:40:48
49,https://media.example.com/v/177,2026-04-08 10:39:31
20,https://media.example.com/v/123,2026-04-08 10:36:33
90,https://media.example.com/v/527,2026-04-08 10:39:45
33,https://media.example.com/v/452,2026-04-08 10:35:47
83,https://media.example.com/v/443,2026-04-08 10:38:40
33,https://media.example.com/v/575,2026-04-08 10:38:18
140,https://media.example.com/v/554,2026-04-08 10:41:43
75,https://media.example.com/v/410,2026-04-08 10:38:26
117,https://media.example.com/v/132,2026-04-08 10:36:43
14,https://media.example.com/v/48,2026-04-08 10:36:10
25,https://media.example.com/v/288,2026-04-08 10:38:57
134,https://media.example.com/v/337,2026-04-08 10:36:12
133,https://media.example.com/v/594,2026-04-08 10:38:17
56,https://media.example.com/v/44,2026-04-08 10:40:13
73,https://media.example.com/v/95,2026-04-08 10:40:42
118,https://media.example.com/v/293,2026-04-08 10:41:32
41,https://media.example.com/v/591,2026-04-08 10:39:43
65,https://media.example.com/v/12,2026-04-08 10:36:52
112,https://media.example.com/v/358,2026-04-08 10:41:09
36,https://media.example.com/v/130,2026-04-08 10:39:48
145,https://media.example.com/v/151,2026-04-08 10:40:54
120,https://media.example.com/v/418,2026-04-08 10:36:23
7,https://media.example.com/v/56,2026-04-08 10:40:20
97,https://media.example.com/v/437,2026-04-08 10:36:27
49,https://media.example.com/v/49,2026-04-08 10:37:41
80,https://media.example.com/v/28,2026-04-08 10:40:25
49,https://media.example.com/v/160,2026-04-08 10:38:04
7,https://media.example.com/v/262,2026-04-08 10:41:00
107,https://media.example.com/v/144,2026-04-08 10:40:13
57,https://media.example.com/v/240,2026-04-08 10:37:56
28,https://media.example.com/v/274,2026-04-08 10:39:54
63,https://media.example.com/v/362,2026-04-08 10:39:33
137,https://media.example.com/v/296,2026-04-08 10:39:31
141,https://media.example.com/v/408,2026-04-08 10:39:40
24,https://media.example.com/v/531,2026-04-08 10:36:37
119,https://media.example.com/v/256,2026-04-08 10:38:19
7,https://media.example.com/v/319,2026-04-08 10:40:11
108,https://media.example.com/v/459,2026-04-08 10:35:57
4,https://media.example.com/v/200,2026-04-08 10:39:07
129,https://media.example.com/v/230,2026-04-08 10:41:07
71,https://media.example.com/v/587,2026-04-08 10:38:12
102,https://media.example.com/v/539,2026-04-08 10:40:58
23,https://media.example.com/v/74,2026-04-08 10:40:07
109,https://media.example.com/v/514,2026-04-08 10:38:05
10,https://media.example.com/v/76,2026-04-08 10:41:23
125,https://media.example.com/v/429,2026-04-08 10:36:22
25,https://media.example.com/v/530,2026-04-08 10:37:11
78,https://media.example.com/v/207,2026-04-08 10:39:34
60,https://media.example.com/v/131,2026-04-08 10:39:55
139,https://media.example.com/v/289,2026-04-08 10:40:40
75,https://media.example.com/v/213,2026-04-08 10:39:37
103,https://media.example.com/v/579,2026-04-08 10:36:39
31,https://media.example.com/v/82,2026-04-08 10:40:30
30,https://media.example.com/v/156,2026-04-08 10:39:12
98,https://media.example.com/v/344,2026-04-08 10:36:41
36,https://media.example.com/v/123,2026-04-08 10:36:25
92,https://media.example.com/v/365,2026-04-08 10:40:53
45,https://media.example.com/v/553,2026-04-08 10:38:43
9,https://media.example.com/v/328,2026-04-08 10:41:25
55,https://media.example.com/v/596,2026-04-08 10:37:30
127,https://media.example.com/v/538,2026-04-08 10:38:44
27,https://media.example.com/v/43,2026-04-08 10:39:15
122,https://media.example.com/v/219,2026-04-08 10:38:18
76,https://media.example.com/v/429,2026-04-08 10:37:07
102,https://media.example.com/v/534,2026-04-08 10:39:21
109,https://media.example.com/v/120,2026-04-08 10:38:52
126,https://media.example.com/v/31,2026-04-08 10:39:20
15,https://media.example.com/v/444,2026-04-08 10:37:55
23,https://media.example.com/v/518,2026-04-08 10:36:44
70,https://media.example.com/v/263,2026-04-08 10:39:51
110,https://media.example.com/v/52,2026-04-08 10:41:10
101,https://media.example.com/v/293,2026-04-08 10:39:17
117,https://media.example.com/v/578,2026-04-08 10:40:37
114,https://media.example.com/v/295,2026-04-08 10:38:01
68,https://media.example.com/v/321,2026-04-08 10:38:18
44,https://media.example.com/v/47,2026-04-08 10:41:07
115,https://media.example.com/v/568,2026-04-08 10:37:26
67,https://media.example.com/v/355,2026-04-08 10:38:54
88,https://media.example.com/v/544,2026-04-08 10:37:32
94,https://media.example.com/v/302,2026-04-08 10:39:53
18,https://media.example.com/v/302,2026-04-08 10:38:08
77,https://media.example.com/v/65,2026-04-08 10:40:34
26,https://media.example.com/v/147,2026-04-08 10:39:55
44,https://media.example.com/v/134,2026-04-08 10:40:47
48,https://media.example.com/v/142,2026-04-08 10:37:09
142,https://media.example.com/v/54,2026-04-08 10:37:21
85,https://media.example.com/v/37,2026-04-08 10:38:36
129,https://media.example.com/v/59,2026-04-08 10:36:52
83,https://media.example.com/v/262,2026-04-08 10:40:25
29,https://media.example.com/v/192,2026-04-08 10:40:15
130,https://media.example.com/v/44,2026-04-08 10:35:46
67,https://media.example.com/v/160,2026-04-08 10:35:56
106,https://media.example.com/v/50,2026-04-08 10:41:26
81,https://media.example.com/v/144,2026-04-08 10:40:12
73,https://media.example.com/v/16,2026-04-08 10:40:31
61,https://media.example.com/v/290,2026-04-08 10:38:20
18,https://media.example.com/v/202,2026-04-08 10:41:28
47,https://media.example.com/v/263,2026-04-08 10:41:24
119,https://media.example.com/v/583,2026-04-08 10:40:29
127,https://media.example.com/v/185,2026-04-08 10:40:33
105,https://media.example.com/v/527,2026-04-08 10:35:52
89,https://media.example.com/v/600,2026-04-08 10:38:12
69,https://media.example.com/v/122,2026-04-08 10:41:30
93,https://media.example.com/v/272,2026-04-08 10:39:24
100,https://media.example.com/v/512,2026-04-08 10:39:10
50,https://media.example.com/v/65,2026-04-08 10:39:51
142,https://media.example.com/v/586,2026-04-08 10:36:20
49,https://media.example.com/v/108,2026-04-08 10:36:40
81,https://media.example.com/v/43,2026-04-08 10:36:14
130,https://media.example.com/v/284,2026-04-08 10:41:32
38,https://media.example.com/v/370,2026-04-08 10:36:16
130,https://media.example.com/v/473,2026-04-08 10:36:32
88,https://media.example.com/v/79,2026-04-08 10:39:22
37,https://media.example.com/v/57,2026-04-08 10:36:00
65,https://media.example.com/v/122,2026-04-08 10:35:56
124,https://media.example.com/v/178,2026-04-08 10:38:12
42,https://media.example.com/v/494,2026-04-08 10:39:45
119,https://media.example.com/v/343,2026-04-08 10:39:59
68,https://media.example.com/v/306,2026-04-08 10:40:11
95,https://media.example.com/v/193,2026-04-08 10:38:18
98,https://media.example.com/v/478,2026-04-08 10:40:02
141,https://media.example.com/v/366,2026-04-08 10:41:24
44,https://media.example.com/v/366,2026-04-08 10:37:37
134,https://media.example.com/v/241,2026-04-08 10:37:48
149,https://media.example.com/v/317,2026-04-08 10:39:37
32,https://media.example.com/v/345,2026-04-08 10:38:14
118,https://media.example.com/v/377,2026-04-08 10:40:34
144,https://media.example.com/v/362,2026-04-08 10:37:51
25,https://media.example.com/v/172,2026-04-08 10:41:09
32,https://media.example.com/v/398,2026-04-08 10:39:03
127,https://media.example.com/v/159,2026-04-08 10:37:44
147,https://media.example.com/v/525,2026-04-08 10:39:48
8,https://media.example.com/v/128,2026-04-08 10:41:33
138,https://media.example.com/v/116,2026-04-08 10:40:32
84,https://media.example.com/v/293,2026-04-08 10:38:24
87,https://media.example.com/v/79,2026-04-08 10:41:40
19,https://media.example.com/v/104,2026-04-08 10:38:44
66,https://media.example.com/v/230,2026-04-08 10:38:22
103,https://media.example.com/v/251,2026-04-08 10:39:23
140,https://media.example.com/v/156,2026-04-08 10:36:37
30,https://media.example.com/v/122,2026-04-08 10:36:23
67,https://media.example.com/v/216,2026-04-08 10:38:01
105,https://media.example.com/v/77,2026-04-08 10:37:00
63,https://media.example.com/v/198,2026-04-08 10:36:06
112,https://media.example.com/v/67,2026-04-08 10:37:35
66,https://media.example.com/v/352,2026-04-08 10:36:19
130,https://media.example.com/v/435,2026-04-08 10:36:59
33,https://media.example.com/v/485,2026-04-08 10:37:41
87,https://media.example.com/v/234,2026-04-08 10:37:37
96,https://media.example.com/v/65,2026-04-08 10:41:20
52,https://media.example.com/v/424,2026-04-08 10:37:05
70,https://media.example.com/v/38,2026-04-08 10:41:13
40,https://media.example.com/v/495,2026-04-08 10:40:40
141,https://media.example.com/v/409,2026-04-08 10:41:00
57,https://media.example.com/v/483,2026-04-08 10:37:03
143,https://media.example.com/v/425,2026-04-08 10:37:26
28,https://media.example.com/v/486,2026-04-08 10:41:22
89,https://media.example.com/v/439,2026-04-08 10:37:35
15,https://media.example.com/v/118,2026-04-08 10:39:41
127,https://media.example.com/v/552,2026-04-08 10:39:53
43,https://media.example.com/v/552,2026-04-08 10:36:05
144,https://media.example.com/v/348,2026-04-08 10:36:52
56,https://media.example.com/v/282,2026-04-08 10:37:03
67,https://media.example.com/v/147,2026-04-08 10:41:03
96,https://media.example.com/v/449,2026-04-08 10:36:22
130,https://media.example.com/v/564,2026-04-08 10:38:38
139,https://media.example.com/v/186,2026-04-08 10:41:28
89,https://media.example.com/v/270,2026-04-08 10:35:54
19,https://media.example.com/v/383,2026-04-08 10:36:52
134,https://media.example.com/v/476,2026-04-08 10:36:45
49,https://media.example.com/v/446,2026-04-08 10:41:15
10,https://media.example.com/v/319,2026-04-08 10:40:49
102,https://media.example.com/v/253,2026-04-08 10:40:53
103,https://media.example.com/v/573,2026-04-08 10:37:34
131,https://media.example.com/v/561,2026-04-08 10:37:21
121,https://media.example.com/v/131,2026-04-08 10:40:40
131,https://media.example.com/v/463,2026-04-08 10:37:43
98,https://media.example.com/v/319,2026-04-08 10:39:03
63,https://media.example.com/v/423,2026-04-08 10:39:24
112,https://media.example.com/v/2,2026-04-08 10:36:34
7,https://media.example.com/v/357,2026-04-08 10:38:04
101,https://media.example.com/v/285,2026-04-08 10:40:25
75,https://media.example.com/v/514,2026-04-08 10:36:56
27,https://media.example.com/v/75,2026-04-08 10:39:45
44,https://media.example.com/v/266,2026-04-08 10:37:17
18,https://media.example.com/v/35,2026-04-08 10:40:47
132,https://media.example.com/v/140,2026-04-08 10:37:15
77,https://media.example.com/v/20,2026-04-08 10:40:33
27,https://media.example.com/v/561,2026-04-08 10:36:02
63,https://media.example.com/v/83,2026-04-08 10:37:38
26,https://media.example.com/v/326,2026-04-08 10:39:53
6,https://media.example.com/v/6,2026-04-08 10:38:14
57,https://media.example.com/v/520,2026-04-08 10:41:07
29,https://media.example.com/v/74,2026-04-08 10:39:37
119,https://media.example.com/v/244,2026-04-08 10:39:33
109,https://media.example.com/v/30,2026-04-08 10:37:03
100,https://media.example.com/v/21,2026-04-08 10:39:15
46,https://media.example.com/v/183,2026-04-08 10:39:40
136,https://media.example.com/v/198,2026-04-08 10:40:06
104,https://media.example.com/v/380,2026-04-08 10:38:16
66,https://media.example.com/v/245,2026-04-08 10:40:13
85,https://media.example.com/v/78,2026-04-08 10:37:08
111,https://media.example.com/v/28,2026-04-08 10:36:57
117,https://media.example.com/v/142,2026-04-08 10:39:52
79,https://media.example.com/v/506,2026-04-08 10:37:28
11,https://media.example.com/v/577,2026-04-08 10:38:06
144,https://media.example.com/v/179,2026-04-08 10:40:48
43,https://media.example.com/v/270,2026-04-08 10:41:00
51,https://media.example.com/v/329,2026-04-08 10:37:10
127,https://media.example.com/v/334,2026-04-08 10:40:15
138,https://media.example.com/v/213,2026-04-08 10:37:19
140,https://media.example.com/v/408,2026-04-08 10:38:16
116,https://media.example.com/v/313,2026-04-08 10:39:56
100,https://media.example.com/v/201,2026-04-08 10:41:31
146,https://media.example.com/v/22,2026-04-08 10:41:02
82,https://media.example.com/v/390,2026-04-08 10:40:26
96,https://media.example.com/v/231,2026-04-08 10:35:59
88,https://media.example.com/v/55,2026-04-08 10:37:27
143,https://media.example.com/v/490,2026-04-08 10:40:45
132,https://media.example.com/v/102,2026-04-08 10:37:04
93,https://media.example.com/v/439,2026-04-08 10:36:17
18,https://media.example.com/v/575,2026-04-08 10:37:47
22,https://media.example.com/v/150,2026-04-08 10:39:38
142,https://media.example.com/v/45,2026-04-08 10:36:15
72,https://media.example.com/v/291,2026-04-08 10:37:04
119,https://media.example.com/v/154,2026-04-08 10:38:08
106,https://media.example.com/v/280,2026-04-08 10:38:55
136,https://media.example.com/v/91,2026-04-08 10:41:01
57,https://media.example.com/v/93,2026-04-08 10:41:14
58,https://media.example.com/v/38,2026-04-08 10:41:16
50,https://media.example.com/v/26,2026-04-08 10:38:08
52,https://media.example.com/v/476,2026-04-08 10:39:05
47,https://media.example.com/v/90,2026-04-08 10:39:59
33,https://media.example.com/v/409,2026-04-08 10:37:51
29,https://media.example.com/v/66,2026-04-08 10:39:40
48,https://media.example.com/v/437,2026-04-08 10:39:15
61,https://media.example.com/v/436,2026-04-08 10:41:27
115,https://media.example.com/v/31,2026-04-08 10:36:30
66,https://media.example.com/v/255,2026-04-08 10:37:52
50,https://media.example.com/v/594,2026-04-08 10:36:41
40,https://media.example.com/v/187,2026-04-08 10:36:51
118,https://media.example.com/v/299,2026-04-08 10:41:25
72,https://media.example.com/v/70,2026-04-08 10:40:30
79,https://media.example.com/v/541,2026-04-08 10:37:04
88,https://media.example.com/v/250,2026-04-08 10:41:26
121,https://media.example.com/v/588,2026-04-08 10:40:32
103,https://media.example.com/v/63,2026-04-08 10:36:47
134,https://media.example.com/v/51,2026-04-08 10:39:45
19,https://media.example.com/v/554,2026-04-08 10:38:42
127,https://media.example.com/v/326,2026-04-08 10:36:08
21,https://media.example.com/v/54,2026-04-08 10:37:01
27,https://media.example.com/v/90,2026-04-08 10:39:58
118,https://media.example.com/v/521,2026-04-08 10:40:47
51,https://media.example.com/v/110,2026-04-08 10:38:27
95,https://media.example.com/v/46,2026-04-08 10:37:23
109,https://media.example.com/v/384,2026-04-08 10:37:05
9,https://media.example.com/v/371,2026-04-08 10:36:10
125,https://media.example.com/v/476,2026-04-08 10:40:12
140,https://media.example.com/v/57,2026-04-08 10:39:00
59,https://media.example.com/v/416,2026-04-08 10:36:43
72,https://media.example.com/v/516,2026-04-08 10:39:47
11,https://media.example.com/v/284,2026-04-08 10:38:25
32,https://media.example.com/v/507,2026-04-08 10:37:17
89,https://media.example.com/v/338,2026-04-08 10:40:49
10,https://media.example.com/v/594,2026-04-08 10:41:42
77,https://media.example.com/v/503,2026-04-08 10:36:02
91,https://media.example.com/v/332,2026-04-08 10:37:12
53,https://media.example.com/v/156,2026-04-08 10:40:44
66,https://media.example.com/v/251,2026-04-08 10:41:46
51,https://media.example.com/v/259,2026-04-08 10:36:48
40,https://media.example.com/v/121,2026-04-08 10:37:16
19,https://media.example.com/v/435,2026-04-08 10:37:00
55,https://media.example.com/v/14,2026-04-08 10:40:55
85,https://media.example.com/v/441,2026-04-08 10:38:25
53,https://media.example.com/v/573,2026-04-08 10:37:24
142,https://media.example.com/v/495,2026-04-08 10:39:32
59,https://media.example.com/v/185,2026-04-08 10:40:47
85,https://media.example.com/v/559,2026-04-08 10:40:42
108,https://media.example.com/v/234,2026-04-08 10:39:37
38,https://media.example.com/v/369,2026-04-08 10:37:21
48,https://media.example.com/v/497,2026-04-08 10:38:29
57,https://media.example.com/v/560,2026-04-08 10:40:24
108,https://media.example.com/v/351,2026-04-08 10:40:28
145,https://media.example.com/v/416,2026-04-08 10:39:12
100,https://media.example.com/v/70,2026-04-08 10:37:12
27,https://media.example.com/v/498,2026-04-08 10:37:21
148,https://media.example.com/v/233,2026-04-08 10:39:19
34,https://media.example.com/v/330,2026-04-08 10:36:39
109,https://media.example.com/v/314,2026-04-08 10:38:40
18,https://media.example.com/v/446,2026-04-08 10:40:39
125,https://media.example.com/v/345,2026-04-08 10:40:21
113,https://media.example.com/v/393,2026-04-08 10:36:07
31,https://media.example.com/v/461,2026-04-08 10:41:26
53,https://media.example.com/v/378,2026-04-08 10:40:34
103,https://media.example.com/v/445,2026-04-08 10:40:05
18,https://media.example.com/v/582,2026-04-08 10:40:50
77,https://media.example.com/v/393,2026-04-08 10:35:59
98,https://media.example.com/v/420,2026-04-08 10:35:50
77,https://media.example.com/v/276,2026-04-08 10:41:39
23,https://media.example.com/v/411,2026-04-08 10:40:41
98,https://media.example.com/v/501,2026-04-08 10:39:13
124,https://media.example.com/v/544,2026-04-08 10:36:14
13,https://media.example.com/v/444,2026-04-08 10:39:25
126,https://media.example.com/v/9,2026-04-08 10:41:27
30,https://media.example.com/v/593,2026-04-08 10:40:49
2,https://media.example.com/v/418,2026-04-08 10:41:06
150,https://media.example.com/v/35,2026-04-08 10:40:42
141,https://media.example.com/v/26,2026-04-08 10:37:33
6,https://media.example.com/v/351,2026-04-08 10:38:18
110,https://media.example.com/v/362,2026-04-08 10:38:54
12,https://media.example.com/v/486,2026-04-08 10:36:15
101,https://media.example.com/v/94,2026-04-08 10:39:42
145,https://media.example.com/v/356,2026-04-08 10:40:10
129,https://media.example.com/v/315,2026-04-08 10:39:40
123,https://media.example.com/v/407,2026-04-08 10:40:04
73,https://media.example.com/v/446,2026-04-08 10:41:34
6,https://media.example.com/v/311,2026-04-08 10:37:35
79,https://media.example.com/v/118,2026-04-08 10:40:33
112,https://media.example.com/v/107,2026-04-08 10:39:00
4,https://media.example.com/v/139,2026-04-08 10:38:43
62,https://media.example.com/v/204,2026-04-08 10:41:26
49,https://media.example.com/v/321,2026-04-08 10:41:43
13,https://media.example.com/v/343,2026-04-08 10:36:41
9,https://media.example.com/v/516,2026-04-08 10:39:07
58,https://media.example.com/v/101,2026-04-08 10:39:18
5,https://media.example.com/v/546,2026-04-08 10:37:48
130,https://media.example.com/v/543,2026-04-08 10:38:33
83,https://media.example.com/v/57,2026-04-08 10:37:24
5,https://media.example.com/v/553,2026-04-08 10:37:27
114,https://media.example.com/v/572,2026-04-08 10:37:28
144,https://media.example.com/v/322,2026-04-08 10:41:12
122,https://media.example.com/v/388,2026-04-08 10:40:32
20,https://media.example.com/v/99,2026-04-08 10:39:40
2,https://media.example.com/v/367,2026-04-08 10:41:17
72,https://media.example.com/v/586,2026-04-08 10:37:46
122,https://media.example.com/v/289,2026-04-08 10:35:48
1,https://media.example.com/v/312,2026-04-08 10:41:39
16,https://media.example.com/v/157,2026-04-08 10:39:54
65,https://media.example.com/v/403,2026-04-08 10:38:28
90,https://media.example.com/v/177,2026-04-08 10:40:30
106,https://media.example.com/v/349,2026-04-08 10:36:55
18,https://media.example.com/v/199,2026-04-08 10:39:41
145,https://media.example.com/v/511,2026-04-08 10:38:17
97,https://media.example.com/v/133,2026-04-08 10:38:51
78,https://media.example.com/v/160,2026-04-08 10:39:25
12,https://media.example.com/v/558,2026-04-08 10:41:21
6,https://media.example.com/v/560,2026-04-08 10:38:10
56,https://media.example.com/v/398,2026-04-08 10:40:05
74,https://media.example.com/v/499,2026-04-08 10:35:48
109,https://media.example.com/v/27,2026-04-08 10:41:24
70,https://media.example.com/v/371,2026-04-08 10:38:12
65,https://media.example.com/v/50,2026-04-08 10:36:15
30,https://media.example.com/v/249,2026-04-08 10:37:36
28,https://media.example.com/v/500,2026-04-08 10:37:46
94,https://media.example.com/v/312,2026-04-08 10:41:13
100,https://media.example.com/v/503,2026-04-08 10:37:36
113,https://media.example.com/v/540,2026-04-08 10:40:37
69,https://media.example.com/v/475,2026-04-08 10:41:17
24,https://media.example.com/v/313,2026-04-08 10:36:14
30,https://media.example.com/v/512,2026-04-08 10:35:58
92,https://media.example.com/v/119,2026-04-08 10:37:41
51,https://media.example.com/v/508,2026-04-08 10:41:12
131,https://media.example.com/v/202,2026-04-08 10:36:06
7,https://media.example.com/v/78,2026-04-08 10:37:02
59,https://media.example.com/v/143,2026-04-08 10:36:45
11,https://media.example.com/v/322,2026-04-08 10:40:14
127,https://media.example.com/v/212,2026-04-08 10:40:51
132,https://media.example.com/v/330,2026-04-08 10:38:17
16,https://media.example.com/v/543,2026-04-08 10:41:01
20,https://media.example.com/v/137,2026-04-08 10:39:41
116,https://media.example.com/v/145,2026-04-08 10:38:17
109,https://media.example.com/v/476,2026-04-08 10:36:57
123,https://media.example.com/v/38,2026-04-08 10:38:23
92,https://media.example.com/v/22,2026-04-08 10:39:19
67,https://media.example.com/v/592,2026-04-08 10:39:41
63,https://media.example.com/v/289,2026-04-08 10:40:07
72,https://media.example.com/v/452,2026-04-08 10:41:42
49,https://media.example.com/v/451,2026-04-08 10:38:01
28,https://media.example.com/v/84,2026-04-08 10:36:56
30,https://media.example.com/v/493,2026-04-08 10:40:27
95,https://media.example.com/v/436,2026-04-08 10:40:19
42,https://media.example.com/v/514,2026-04-08 10:37:24
123,https://media.example.com/v/81,2026-04-08 10:41:08
89,https://media.example.com/v/29,2026-04-08 10:38:27
143,https://media.example.com/v/308,2026-04-08 10:36:59
79,https://media.example.com/v/297,2026-04-08 10:40:55
14,https://media.example.com/v/321,2026-04-08 10:41:42
53,https://media.example.com/v/25,2026-04-08 10:40:42
43,https://media.example.com/v/461,2026-04-08 10:36:25
74,https://media.example.com/v/359,2026-04-08 10:40:52
9,https://media.example.com/v/388,2026-04-08 10:36:06
120,https://media.example.com/v/141,2026-04-08 10:35:54
113,https://media.example.com/v/414,2026-04-08 10:39:10
4,https://media.example.com/v/50,2026-04-08 10:41:22
94,https://media.example.com/v/112,2026-04-08 10:38:15
11,https://media.example.com/v/457,2026-04-08 10:36:28
92,https://media.example.com/v/115,2026-04-08 10:38:50
57,https://media.example.com/v/343,2026-04-08 10:40:02
23,https://media.example.com/v/326,2026-04-08 10:40:47
138,https://media.example.com/v/267,2026-04-08 10:37:17
119,https://media.example.com/v/574,2026-04-08 10:35:56
124,https://media.example.com/v/179,2026-04-08 10:36:44
127,https://media.example.com/v/308,2026-04-08 10:38:55
129,https://media.example.com/v/30,2026-04-08 10:38:06
44,https://media.example.com/v/442,2026-04-08 10:40:58
30,https://media.example.com/v/264,2026-04-08 10:40:33
115,https://media.example.com/v/495,2026-04-08 10:41:38
34,https://media.example.com/v/52,2026-04-08 10:36:15
108,https://media.example.com/v/74,2026-04-08 10:41:37
119,https://media.example.com/v/494,2026-04-08 10:41:27
64,https://media.example.com/v/53,2026-04-08 10:40:08
74,https://media.example.com/v/370,2026-04-08 10:39:05
92,https://media.example.com/v/371,2026-04-08 10:37:47
34,https://media.example.com/v/245,2026-04-08 10:41:37
140,https://media.example.com/v/421,2026-04-08 10:36:41
49,https://media.example.com/v/17,2026-04-08 10:36:10
54,https://media.example.com/v/37,2026-04-08 10:37:22
55,https://media.example.com/v/271,2026-04-08 10:41:11
117,https://media.example.com/v/489,2026-04-08 10:39:41
41,https://media.example.com/v/37,2026-04-08 10:38:12
76,https://media.example.com/v/160,2026-04-08 10:36:17
128,https://media.example.com/v/567,2026-04-08 10:40:09
124,https://media.example.com/v/498,2026-04-08 10:36:19
15,https://media.example.com/v/52,2026-04-08 10:38:58
75,https://media.example.com/v/236,2026-04-08 10:41:15
2,https://media.example.com/v/558,2026-04-08 10:41:46
85,https://media.example.com/v/545,2026-04-08 10:36:19
146,https://media.example.com/v/118,2026-04-08 10:39:48
29,https://media.example.com/v/525,2026-04-08 10:36:35
21,https://media.example.com/v/343,2026-04-08 10:40:00
16,https://media.example.com/v/431,2026-04-08 10:36:45
65,https://media.example.com/v/590,2026-04-08 10:40:27
82,https://media.example.com/v/486,2026-04-08 10:41:34
28,https://media.example.com/v/315,2026-04-08 10:40:06
23,https://media.example.com/v/135,2026-04-08 10:36:37
79,https://media.example.com/v/561,2026-04-08 10:36:50
82,https://media.example.com/v/598,2026-04-08 10:36:51
127,https://media.example.com/v/311,2026-04-08 10:41:18
27,https://media.example.com/v/223,2026-04-08 10:38:13
55,https://media.example.com/v/5,2026-04-08 10:39:22
36,https://media.example.com/v/202,2026-04-08 10:41:26
3,https://media.example.com/v/574,2026-04-08 10:38:56
90,https://media.example.com/v/475,2026-04-08 10:36:50
26,https://media.example.com/v/584,2026-04-08 10:36:15
76,https://media.example.com/v/597,2026-04-08 10:41:12
65,https://media.example.com/v/87,2026-04-08 10:41:11
70,https://media.example.com/v/175,2026-04-08 10:37:40
82,https://media.example.com/v/576,2026-04-08 10:39:10
71,https://media.example.com/v/529,2026-04-08 10:36:47
144,https://media.example.com/v/118,2026-04-08 10:39:28
16,https://media.example.com/v/301,2026-04-08 10:40:32
110,https://media.example.com/v/290,2026-04-08 10:36:47
132,https://media.example.com/v/576,2026-04-08 10:40:18
145,https://media.example.com/v/546,2026-04-08 10:41:11
102,https://media.example.com/v/3,2026-04-08 10:39:43
117,https://media.example.com/v/466,2026-04-08 10:36:08
78,https://media.example.com/v/561,2026-04-08 10:36:31
129,https://media.example.com/v/307,2026-04-08 10:35:57
78,https://media.example.com/v/109,2026-04-08 10:40:10
58,https://media.example.com/v/571,2026-04-08 10:41:37
43,https://media.example.com/v/449,2026-04-08 10:36:54
44,https://media.example.com/v/576,2026-04-08 10:37:59
21,https://media.example.com/v/559,2026-04-08 10:37:40
20,https://media.example.com/v/213,2026-04-08 10:40:11
117,https://media.example.com/v/205,2026-04-08 10:41:21
128,https://media.example.com/v/383,2026-04-08 10:38:31
130,https://media.example.com/v/344,2026-04-08 10:38:35
142,https://media.example.com/v/484,2026-04-08 10:36:20
84,https://media.example.com/v/363,2026-04-08 10:39:11
47,https://media.example.com/v/417,2026-04-08 10:35:54
22,https://media.example.com/v/547,2026-04-08 10:38:04
85,https://media.example.com/v/374,2026-04-08 10:36:21
98,https://media.example.com/v/5,2026-04-08 10:36:09
90,https://media.example.com/v/558,2026-04-08 10:37:21
122,https://media.example.com/v/19,2026-04-08 10:41:25
64,https://media.example.com/v/233,2026-04-08 10:39:30
54,https://media.example.com/v/445,2026-04-08 10:41:16
40,https://media.example.com/v/587,2026-04-08 10:36:45
42,https://media.example.com/v/270,2026-04-08 10:35:58
37,https://media.example.com/v/70,2026-04-08 10:39:17
89,https://media.example.com/v/567,2026-04-08 10:38:45
91,https://media.example.com/v/498,2026-04-08 10:39:38
74,https://media.example.com/v/565,2026-04-08 10:40:49
25,https://media.example.com/v/33,2026-04-08 10:36:46
131,https://media.example.com/v/314,2026-04-08 10:38:43
140,https://media.example.com/v/51,2026-04-08 10:36:46
150,https://media.example.com/v/406,2026-04-08 10:40:21
9,https://media.example.com/v/206,2026-04-08 10:41:37
123,https://media.example.com/v/223,2026-04-08 10:36:37
17,https://media.example.com/v/128,2026-04-08 10:39:45
47,https://media.example.com/v/22,2026-04-08 10:35:54
114,https://media.example.com/v/84,2026-04-08 10:38:59
65,https://media.example.com/v/282,2026-04-08 10:41:27
130,https://media.example.com/v/388,2026-04-08 10:36:08
139,https://media.example.com/v/196,2026-04-08 10:40:49
10,https://media.example.com/v/276,2026-04-08 10:35:47
65,https://media.example.com/v/509,2026-04-08 10:39:28
127,https://media.example.com/v/312,2026-04-08 10:40:51
125,https://media.example.com/v/415,2026-04-08 10:40:22
140,https://media.example.com/v/114,2026-04-08 10:36:29
133,https://media.example.com/v/143,2026-04-08 10:38:34
59,https://media.example.com/v/297,2026-04-08 10:41:24
103,https://media.example.com/v/567,2026-04-08 10:35:56
73,https://media.example.com/v/598,2026-04-08 10:36:08
45,https://media.example.com/v/182,2026-04-08 10:36:24
140,https://media.example.com/v/324,2026-04-08 10:41:28
9,https://media.example.com/v/130,2026-04-08 10:36:23
25,https://media.example.com/v/16,2026-04-08 10:39:33
108,https://media.example.com/v/505,2026-04-08 10:36:44
7,https://media.example.com/v/145,2026-04-08 10:37:44
2,https://media.example.com/v/2,2026-04-08 10:39:51
64,https://media.example.com/v/149,2026-04-08 10:37:21
64,https://media.example.com/v/295,2026-04-08 10:37:01
136,https://media.example.com/v/433,2026-04-08 10:39:50
86,https://media.example.com/v/357,2026-04-08 10:35:47
21,https://media.example.com/v/192,2026-04-08 10:40:28
130,https://media.example.com/v/499,2026-04-08 10:39:58
61,https://media.example.com/v/458,2026-04-08 10:38:39
72,https://media.example.com/v/309,2026-04-08 10:38:53
30,https://media.example.com/v/260,2026-04-08 10:40:34
22,https://media.example.com/v/316,2026-04-08 10:38:02
127,https://media.example.com/v/7,2026-04-08 10:37:31
83,https://media.example.com/v/132,2026-04-08 10:36:51
68,https://media.example.com/v/175,2026-04-08 10:36:53
67,https://media.example.com/v/348,2026-04-08 10:38:01
30,https://media.example.com/v/288,2026-04-08 10:39:26
75,https://media.example.com/v/391,2026-04-08 10:36:11
103,https://media.example.com/v/232,2026-04-08 10:41:26
46,https://media.example.com/v/134,2026-04-08 10:40:35
1,https://media.example.com/v/122,2026-04-08 10:38:37
114,https://media.example.com/v/370,2026-04-08 10:39:44
128,https://media.example.com/v/390,2026-04-08 10:35:47
2,https://media.example.com/v/395,2026-04-08 10:38:43
92,https://media.example.com/v/531,2026-04-08 10:37:52
86,https://media.example.com/v/119,2026-04-08 10:37:13
76,https://media.example.com/v/183,2026-04-08 10:37:37
50,https://media.example.com/v/231,2026-04-08 10:40:40
94,https://media.example.com/v/402,2026-04-08 10:41:03
49,https://media.example.com/v/542,2026-04-08 10:37:14
93,https://media.example.com/v/205,2026-04-08 10:36:08
2,https://media.example.com/v/425,2026-04-08 10:39:06
105,https://media.example.com/v/550,2026-04-08 10:38:28
140,https://media.example.com/v/34,2026-04-08 10:39:44
58,https://media.example.com/v/404,2026-04-08 10:40:17
11,https://media.example.com/v/420,2026-04-08 10:37:30
145,https://media.example.com/v/55,2026-04-08 10:37:26
128,https://media.example.com/v/189,2026-04-08 10:36:08
58,https://media.example.com/v/304,2026-04-08 10:35:46
132,https://media.example.com/v/14,2026-04-08 10:38:25
132,https://media.example.com/v/529,2026-04-08 10:38:19
16,https://media.example.com/v/450,2026-04-08 10:38:08
113,https://media.example.com/v/89,2026-04-08 10:41:04
84,https://media.example.com/v/247,2026-04-08 10:40:54
141,https://media.example.com/v/95,2026-04-08 10:36:18
57,https://media.example.com/v/450,2026-04-08 10:40:06
149,https://media.example.com/v/310,2026-04-08 10:41:39
27,https://media.example.com/v/234,2026-04-08 10:41:00
47,https://media.example.com/v/126,2026-04-08 10:38:17
4,https://media.example.com/v/361,2026-04-08 10:38:35
65,https://media.example.com/v/110,2026-04-08 10:37:56
22,https://media.example.com/v/575,2026-04-08 10:39:16
85,https://media.example.com/v/34,2026-04-08 10:38:37
12,https://media.example.com/v/147,2026-04-08 10:38:45
107,https://media.example.com/v/450,2026-04-08 10:39:54
23,https://media.example.com/v/422,2026-04-08 10:39:47
17,https://media.example.com/v/49,2026-04-08 10:37:45
103,https://media.example.com/v/3,2026-04-08 10:39:59
90,https://media.example.com/v/234,2026-04-08 10:41:41
18,https://media.example.com/v/62,2026-04-08 10:40:45
138,https://media.example.com/v/537,2026-04-08 10:38:27
97,https://media.example.com/v/292,2026-04-08 10:37:52
127,https://media.example.com/v/297,2026-04-08 10:40:20
41,https://media.example.com/v/298,2026-04-08 10:41:32
59,https://media.example.com/v/44,2026-04-08 10:37:54
115,https://media.example.com/v/584,2026-04-08 10:37:20
3,https://media.example.com/v/435,2026-04-08 10:40:49
115,https://media.example.com/v/34,2026-04-08 10:38:59
23,https://media.example.com/v/282,2026-04-08 10:36:58
8,https://media.example.com/v/459,2026-04-08 10:36:29
65,https://media.example.com/v/382,2026-04-08 10:36:57
63,https://media.example.com/v/192,2026-04-08 10:35:56
104,https://media.example.com/v/268,2026-04-08 10:37:42
49,https://media.example.com/v/300,2026-04-08 10:37:13
47,https://media.example.com/v/221,2026-04-08 10:39:35
25,https://media.example.com/v/352,2026-04-08 10:36:12
110,https://media.example.com/v/277,2026-04-08 10:39:05
138,https://media.example.com/v/528,2026-04-08 10:36:27
9,https://media.example.com/v/311,2026-04-08 10:37:18
46,https://media.example.com/v/355,2026-04-08 10:40:19
125,https://media.example.com/v/287,2026-04-08 10:36:16
76,https://media.example.com/v/449,2026-04-08 10:36:34
126,https://media.example.com/v/367,2026-04-08 10:38:21
56,https://media.example.com/v/569,2026-04-08 10:41:35
103,https://media.example.com/v/148,2026-04-08 10:40:32
35,https://media.example.com/v/11,2026-04-08 10:39:26
68,https://media.example.com/v/188,2026-04-08 10:36:14
9,https://media.example.com/v/520,2026-04-08 10:39:28
136,https://media.example.com/v/203,2026-04-08 10:38:26
97,https://media.example.com/v/404,2026-04-08 10:40:13
24,https://media.example.com/v/161,2026-04-08 10:39:27
120,https://media.example.com/v/405,2026-04-08 10:37:11
31,https://media.example.com/v/54,2026-04-08 10:41:11
133,https://media.example.com/v/102,2026-04-08 10:41:22
65,https://media.example.com/v/552,2026-04-08 10:36:01
81,https://media.example.com/v/426,2026-04-08 10:40:59
13,https://media.example.com/v/433,2026-04-08 10:38:04
58,https://media.example.com/v/79,2026-04-08 10:39:01
150,https://media.example.com/v/134,2026-04-08 10:35:51
85,https://media.example.com/v/251,2026-04-08 10:36:26
97,https://media.example.com/v/79,2026-04-08 10:41:40
84,https://media.example.com/v/60,2026-04-08 10:38:49
27,https://media.example.com/v/467,2026-04-08 10:36:31
143,https://media.example.com/v/186,2026-04-08 10:36:53
137,https://media.example.com/v/276,2026-04-08 10:36:00
